"tract_geoid","state_fips","state_name","pfoa_average","pfoa_observation_count","station_count","total_population","people_of_color_pct","white_non_hispanic_pct","black_non_hispanic_pct","aian_non_hispanic_pct","asian_non_hispanic_pct","nhpi_non_hispanic_pct","other_race_non_hispanic_pct","multiracial_non_hispanic_pct","hispanic_or_latino_pct","median_household_income"
"06001409000","06","California","4100","2","2","4204","95.5518553758325","4.44814462416746","25.2854424357755","0","7.56422454804948","0.404376784015224","0.903901046622265","1.42721217887726","59.9666983824929","75987"
"06001437101","06","California","88","2","2","7371","88.617555284222","11.382444715778","3.82580382580383","0","54.0767874101207","3.03893637226971","0.447700447700448","4.8297381630715","22.3985890652557","156462"
"06001450742","06","California","37","2","2","5241","51.9938942949819","48.0061057050181","0.763213127265789","0","37.3211219232971","0","0","5.2470902499523","8.66246899446671","153900"
"06001451103","06","California","3","2","2","1354","31.5361890694239","68.4638109305761","2.36336779911374","1.18168389955687","6.20384047267356","1.99409158050222","0","2.65878877400295","17.1344165435746","250001"
"06001451104","06","California","295","4","4","6474","54.8038307074452","45.1961692925548","6.62650602409639","0.216249613839975","23.8029039233859","0.216249613839975","0.47883843064566","5.18999073215941","18.2730923694779","183846"
"06007002200","06","California","1100","2","2","2248","11.8772241992883","88.1227758007118","0.400355871886121","0","0.48932384341637","0.934163701067616","0","4.40391459074733","5.64946619217082","94167"
"06009000124","06","California","32","2","2","2119","22.2746578574799","77.7253421425201","0.424728645587541","0","0","0.188768286927796","0","6.08777725342143","15.5733836715432","98068"
"06013313204","06","California","3","2","2","5604","79.7109207708779","20.2890792291221","9.36830835117773","0","12.4018558172734","0.178443968593862","0","6.51320485367595","51.249107780157","91600"
"06013315000","06","California","2100","2","2","3511","70.5781828538878","29.4218171461122","8.94332099117061","0","20.9057248647109","0","0.284819139846198","1.56650526915409","38.877812589006","138875"
"06013318000","06","California","489","2","2","3514","30.0796812749004","69.9203187250996","1.22367672168469","0","3.89869095048378","0","0","9.04951622083096","15.907797381901","101947"
"06013320001","06","California","5","2","2","3276","51.0683760683761","48.9316239316239","7.17338217338217","0","2.5030525030525","0","0.641025641025641","12.2100122100122","28.5409035409035","98602"
"06013327001","06","California","3920","2","2","3572","57.7267637178051","42.2732362821949","7.86674132138858","0.167973124300112","1.23180291153415","0","0.0559910414333707","2.32362821948488","46.0806270996641","102675"
"06013358000","06","California","2800","2","2","5818","74.7163973874184","25.2836026125816","17.8239944998281","0.120316259883121","12.3066345823307","0","1.90787212100378","3.970436576143","38.5871433482296","80255"
"06013365002","06","California","1600","2","2","5114","94.4466171294486","5.55338287055143","10.9112240907313","0","11.5369573719202","4.45834962847086","0","3.42197888150176","64.1181071568244","83587"
"06013392201","06","California","5","2","2","5257","92.0296747194217","7.97032528057828","18.0140764694693","0.133155792276964","34.867795320525","0","2.70116035761841","4.41316340117938","31.9003233783527","118412"
"06019003104","06","California","170","2","2","4775","74.5759162303665","25.4240837696335","4.73298429319372","0.43979057591623","19.5392670157068","0","0","4.87958115183246","44.9842931937173","58438"
"06021010300","06","California","120","2","2","2196","35.9289617486339","64.0710382513661","0.364298724954463","3.09653916211293","0.683060109289617","0","0.546448087431694","2.82331511839709","28.4153005464481","78558"
"06023010400","06","California","17","2","2","3828","23.2758620689655","76.7241379310345","0","3.18704284221526","2.37722048066876","0","0","11.2330198537095","6.478578892372","82317"
"06025011001","06","California","36","4","4","6566","90.7858665854401","9.21413341455985","1.02040816326531","0.258909533962839","1.0508681084374","0","0","0.106609808102345","88.3490709716722","86672"
"06025011100","06","California","8","2","2","3167","82.7912851278813","17.2087148721187","4.35743605936217","0","1.04199557941269","0","0","11.872434480581","65.5194190085254","68854"
"06025011901","06","California","2","2","2","1935","97.7777777777778","2.22222222222222","0.41343669250646","0","3.15245478036176","0","0","0","94.2118863049096","79798"
"06025012400","06","California","3","2","8","835","35.9281437125749","64.0718562874251","23.2335329341317","0","0","0","1.67664670658683","4.4311377245509","6.58682634730539","25978"
"06029003304","06","California","120","2","2","2764","45.4052098408104","54.5947901591896","2.85817655571635","0","1.62807525325615","0.253256150506512","0","5.60781476121563","35.0578871201158","92500"
"06029005509","06","California","7","2","2","4737","32.1722609246358","67.8277390753641","4.13763985644923","0","4.45429596791218","0","2.57546970656534","8.76081908380832","12.2440363099008","100144"
"06029005600","06","California","1","2","2","2698","67.1979243884359","32.8020756115641","7.30170496664196","2.33506300963677","2.85396590066716","0.44477390659748","3.22461082283173","15.7524091919941","35.2853965900667","53170"
"06029005700","06","California","17000","2","2","2633","45.3475123433346","54.6524876566654","12.6851500189897","0.721610330421572","1.67109760729206","0","0.379794910748196","8.50740600075959","21.3824534751234","93810"
"06029006500","06","California","1","2","2","3728","61.131974248927","38.868025751073","13.3583690987124","1.28755364806867","3.16523605150215","0.509656652360515","0","10.0321888412017","32.7789699570815","48833"
"06031001200","06","California","1","2","2","2444","49.7135842880524","50.2864157119476","2.65957446808511","1.02291325695581","0","0","0.16366612111293","4.95090016366612","40.9165302782324","83250"
"06031001703","06","California","1700","2","2","4970","96.841046277666","3.158953722334","0.724346076458752","0","1.20724346076459","0","0","0","94.9094567404426","60752"
"06033000702","06","California","240","2","2","4586","60.7283035324902","39.2716964675098","0.872219799389446","0.261665939816834","0","0","0","6.99956389010031","52.5948539031836","37765"
"06035040100","06","California","420","2","2","1289","24.4375484871994","75.5624515128006","3.10318076027929","2.87044220325834","3.41349883630721","0","0","2.48254460822343","12.5678820791311","43239"
"06035040200","06","California","63","2","2","2481","27.0858524788392","72.9141475211608","0","7.33575171301894","0","0","0.483675937122128","5.40104796453043","13.8653768641677","65795"
"06035040600","06","California","33","2","2","3640","46.8131868131868","53.1868131868132","8.51648351648352","3.76373626373626","1.86813186813187","0.0549450549450549","0","4.17582417582418","28.4340659340659","46659"
"06037121102","06","California","12","2","2","2436","65.1067323481117","34.8932676518883","2.58620689655172","0","2.01149425287356","0","3.28407224958949","4.80295566502463","52.4220032840722","79743"
"06037121900","06","California","5","2","2","2797","90.0965319985699","9.9034680014301","1.17983553807651","0","5.68466213800501","0","0","0","83.2320343224884","56115"
"06037187102","06","California","13.5","4","4","4615","83.228602383532","16.771397616468","1.23510292524377","0","26.5655471289274","0","0","4.7670639219935","50.6608884073673","91944"
"06037207400","06","California","4","2","2","2598","74.2879137798306","25.7120862201694","15.6274056966898","0.384911470361817","22.4403387220939","0","0","4.81139337952271","31.0238645111624","78482"
"06037267600","06","California","19","2","2","2767","59.5229490422841","40.4770509577159","0.93964582580412","0","25.9848211058909","0.505963136971449","2.6743765811348","6.64980122876762","22.7683411637152","89286"
"06037300902","06","California","220","2","2","2051","32.2281813749391","67.7718186250609","0.68259385665529","0","18.6250609458801","0","0","3.70550950755729","9.21501706484642","186250"
"06037301601","06","California","3","2","2","5513","27.3353890803555","72.6646109196445","0.725557772537638","0","5.53237801559949","0","0","0.852530382731725","20.2249229094867","54469"
"06037310100","06","California","150","2","2","5968","28.7030831099196","71.2969168900804","5.09383378016086","0.720509383378016","9.29959785522788","0","0","3.55227882037534","10.0368632707775","171991"
"06037311100","06","California","4","2","2","3923","50.8284476166199","49.1715523833801","0.994137139943921","0","17.2317104256946","0","0","2.03925567167984","30.5633443793016","99806"
"06037402403","06","California","1","2","2","4826","86.5312888520514","13.4687111479486","2.30004144218815","0.248653128885205","5.07666804807294","0","0.352258599254041","0.994612515540821","77.5590551181102","87536"
"06037404402","06","California","5502","4","4","4673","93.772736999786","6.227263000214","0.641985876310721","0","9.69398673229189","0","4.85769313075112","1.02717740209715","77.5518938583351","96616"
"06037408006","06","California","1","2","2","3970","91.8387909319899","8.16120906801008","0.251889168765743","0","40.831234256927","0","0.403022670025189","0.52896725440806","49.823677581864","84130"
"06037408402","06","California","25","2","2","6152","80.3478543563069","19.6521456436931","0.666449934980494","0","20.8875162548765","0","0.0812743823146944","0.487646293888166","58.2249674902471","109828"
"06037551102","06","California","2","2","2","5388","93.8010393466964","6.19896065330364","5.38233110616184","0","1.74461766889384","0","0.204157386785449","5.15961395694135","81.3103192279139","61713"
"06037650401","06","California","2","2","2","4360","63.4174311926606","36.5825688073394","1.55963302752294","0","37.0642201834862","0","0","9.4954128440367","15.2981651376147","142566"
"06037800328","06","California","33","2","2","1306","31.010719754977","68.989280245023","0","0","15.7733537519142","0","0.765696784073507","3.13935681470138","11.3323124042879","173125"
"06037901300","06","California","7","2","2","1840","69.2934782608696","30.7065217391304","1.90217391304348","0","0","0","0","2.5","64.8913043478261","65398"
"06037910401","06","California","8","2","2","5742","76.8547544409613","23.1452455590387","8.65552072448624","0","5.53814002089864","0","1.02751654475792","5.64263322884013","55.9909439219784","87580"
"06037920106","06","California","1","2","2","3716","74.8116254036598","25.1883745963402","4.14424111948332","0","3.68675995694295","0","0.69967707212056","3.4983853606028","62.7825618945102","137813"
"06037920200","06","California","6","2","2","3604","88.4850166481687","11.5149833518313","21.3928967813541","0","1.80355160932297","0.194228634850166","1.08213096559378","2.02552719200888","61.9866814650388",""
"06037920326","06","California","21","2","2","6971","57.5814086931574","42.4185913068426","4.73389757567064","0.860708650121934","23.1674078324487","0","1.00416009180892","4.60479127815235","23.2104432649548","133417"
"06037980001","06","California","17000","2","2","0","","","","","","","","","",""
"06037980004","06","California","10","2","2","0","","","","","","","","","",""
"06037980010","06","California","3","2","2","182","97.2527472527473","2.74725274725275","0","0","51.0989010989011","0.549450549450549","0","2.1978021978022","43.4065934065934",""
"06037980013","06","California","4","2","2","0","","","","","","","","","",""
"06037980015","06","California","340","2","2","1392","81.9683908045977","18.0316091954023","25","0","13.9367816091954","0","2.1551724137931","6.89655172413793","33.9798850574713","79375"
"06037980018","06","California","7890","2","2","0","","","","","","","","","",""
"06037980028","06","California","10636.6666666667","6","6","0","","","","","","","","","",""
"06039000203","06","California","1","2","2","1582","57.7117572692794","42.2882427307206","1.64348925410872","0.505689001264222","1.07458912768647","0.0632111251580278","2.02275600505689","2.08596713021492","50.3160556257901","73906"
"06043000101","06","California","450","2","2","3122","26.3292761050609","73.6707238949391","1.85778347213325","2.59449071108264","2.49839846252402","0","0.832799487508008","6.50224215246637","12.0435618193466","60536"
"06045010700","06","California","38","2","2","6775","43.4538745387454","56.5461254612546","0.309963099630996","4.48708487084871","3.36531365313653","0","0.339483394833948","5.90405904059041","29.0479704797048","70781"
"06047000503","06","California","42300","2","2","2489","69.9477701888309","30.0522298111691","18.1197267979108","3.25431900361591","2.00883889112093","0","1.92848533547609","1.56689433507433","43.0695058256328","87656"
"06047002100","06","California","20","2","2","4059","75.8068489775807","24.1931510224193","0","0","3.69549150036955","0","0.5420054200542","3.17812269031781","68.3912293668391","83214"
"06047002500","06","California","5","2","2","2470","55.3441295546559","44.6558704453441","0.769230769230769","0","5.62753036437247","0","0.526315789473684","3.19838056680162","45.2226720647773","107900"
"06049000400","06","California","72","2","4","1096","21.8978102189781","78.1021897810219","0.638686131386861","7.48175182481752","1.0036496350365","0","0","3.1021897810219","9.67153284671533","53493"
"06051000101","06","California","27","2","4","3532","24.9150622876557","75.0849377123443","0","2.74631936579841","0","0","0.962627406568516","3.65232163080408","17.5537938844847","112721"
"06051000102","06","California","3.5","4","4","2402","40.7577019150708","59.2422980849292","0.374687760199833","1.1240632805995","1.79017485428809","0","0.0416319733555371","2.12323064113239","35.3039134054954","105091"
"06053013300","06","California","12700","2","2","5751","55.3295079116675","44.6704920883325","0.434707007476961","0","5.39036689271431","0","4.01669274908711","2.88645452964702","42.6012867327421","97188"
"06053014108","06","California","8","2","2","5200","56.9615384615385","43.0384615384615","3.36538461538462","0","16.4807692307692","0","0.326923076923077","9.19230769230769","27.5961538461538","79931"
"06053014302","06","California","1400","2","2","4200","65.6904761904762","34.3095238095238","8.30952380952381","0","12.2857142857143","2.92857142857143","0.547619047619048","6.02380952380952","35.5952380952381","89420"
"06053014800","06","California","2","2","2","5831","93.0543646029841","6.94563539701595","0.531641227919739","0","0.377293774652718","0","0","1.08043217286915","91.0649974275425","98897"
"06055201005","06","California","3","2","2","2650","71.9622641509434","28.0377358490566","3.16981132075472","0.30188679245283","22.188679245283","0","0","4.90566037735849","41.3962264150943","103056"
"06055201900","06","California","63","2","2","1457","48.0439258750858","51.9560741249142","3.01990391214825","0.205902539464653","1.23541523678792","0","0","6.1770761839396","37.4056280027454","134375"
"06059042203","06","California","5","2","2","9842","29.6382849014428","70.3617150985572","0.863645600487706","0.711237553342816","4.46047551310709","0","1.90002032107295","4.10485673643568","17.5980491769965","137607"
"06059042205","06","California","1","2","2","5336","38.8305847076462","61.1694152923538","0","0","2.60494752623688","0","0","5.13493253373313","31.0907046476762","138824"
"06059062610","06","California","13800","2","2","13289","49.7027616825946","50.2972383174054","3.31853412596885","0","30.709609451426","0.301000827752276","1.97155542177741","4.83858830611784","8.56347354955226","114347"
"06059063500","06","California","170","2","2","5499","21.6402982360429","78.3597017639571","0","0","1.36388434260775","0","0","2.89143480632842","17.3849790871067","143381"
"06059074403","06","California","61","2","2","4987","99.7192701022659","0.280729897734109","0.701824744335272","0","2.68698616402647","0","0","0","96.3304591939041","70096"
"06059086402","06","California","32","2","2","6193","79.0408525754885","20.9591474245115","2.1637332472146","0","12.3042144356532","0","0","2.84191829484902","61.7309865977717","133594"
"06059099502","06","California","3","2","2","584","52.2260273972603","47.7739726027397","14.2123287671233","0","5.82191780821918","0","0","6.50684931506849","25.6849315068493","96364"
"06059110015","06","California","118","2","2","3468","38.9561707035755","61.0438292964245","1.3840830449827","2.04728950403691","11.8223760092272","0","0","1.87427912341407","21.8281430219146","129840"
"06061022014","06","California","44","2","2","1691","8.92962743938498","91.070372560615","2.48373743347132","0","0","0","0","1.12359550561798","5.32229450029568","141250"
"06063000100","06","California","5","2","2","6089","17.7040564953194","82.2959435046806","2.69338150763672","1.37953686976515","0.21349975365413","0.0164230579733946","0","7.42322220397438","5.97799310231565","83774"
"06063000300","06","California","66","2","2","5439","29.8032726604155","70.1967273395845","0","2.92333149476007","2.51884537598823","0","0","5.38701967273396","18.9740761169333","54420"
"06063000502","06","California","130","2","2","2034","14.2576204523107","85.7423795476893","0","2.06489675516224","0.147492625368732","0","0.835791543756146","4.22812192723697","6.98131760078663","95045"
"06065041415","06","California","200","2","2","4210","74.0380047505938","25.9619952494062","1.42517814726841","0","26.270783847981","0","0.190023752969121","1.09263657957245","45.0593824228028","144767"
"06065042007","06","California","610","2","2","7605","55.9500328731098","44.0499671268902","5.65417488494412","0","6.92965154503616","0","9.62524654832347","3.69493754109139","30.0460223537147","144219"
"06065042401","06","California","25","2","2","2056","63.1322957198444","36.8677042801556","0.486381322957198","0.389105058365759","2.77237354085603","0","0.14591439688716","3.55058365758755","55.7879377431907","107500"
"06065044403","06","California","140","2","2","3799","60.0947617794156","39.9052382205844","0.184259015530403","0.816004211634641","7.87049223479863","0","1.05290866017373","2.94814424848644","47.2229534087918","77768"
"06065044520","06","California","14","2","2","1099","50.5914467697907","49.4085532302093","1.63785259326661","0.181983621474067","1.00090991810737","0","0","2.27479526842584","45.4959053685168","84750"
"06065045618","06","California","6300","2","2","1747","98.7979393245564","1.20206067544362","0.114481969089868","0.801373783629078","2.23239839725243","0","0","1.43102461362335","94.2186605609617","34777"
"06065046900","06","California","1","4","4","1804","70.1773835920177","29.8226164079823","5.48780487804878","0","0.277161862527716","0","0","2.93791574279379","61.4745011086475","52311"
"06065941200","06","California","593","2","2","2967","27.7384563532187","72.2615436467813","2.93225480283114","0.70778564206269","5.59487698011459","0.741489720256151","0.47185709470846","4.41523424334344","12.8749578699023","97250"
"06067001601","06","California","9200","2","2","3199","33.7605501719287","66.2394498280713","1.56298843388559","0","5.15786183182244","0","0","5.37668021256643","21.6630196936543","121250"
"06067001900","06","California","9","2","2","3316","38.6308805790109","61.3691194209891","3.49819059107358","0","6.96622436670688","0.211097708082027","1.17611580217129","3.07599517490953","23.7032569360676","90217"
"06067005205","06","California","3","2","2","3716","62.3519913885899","37.6480086114101","23.6813778256189","0","4.97847147470398","0.565123789020452","0","5.43595263724435","27.6910656620022","56645"
"06067005301","06","California","72","4","4","2332","51.9296740994854","48.0703259005146","12.9073756432247","0","9.51972555746141","0","0.257289879931389","12.3070325900515","16.9382504288165","94861"
"06067007101","06","California","9200","2","2","1355","65.6826568265683","34.3173431734317","2.28782287822878","0","39.3357933579336","5.53505535055351","0","3.24723247232472","15.2767527675277","192938"
"06067008602","06","California","87","2","2","1832","33.1331877729258","66.8668122270742","0","0","10.4257641921397","0","0","6.55021834061135","16.1572052401747","93038"
"06067008803","06","California","11","2","4","2203","32.7734906945075","67.2265093054925","12.2560145256468","0","2.72355878347708","0","0","3.67680435769405","14.1171130276895","73250"
"06067009201","06","California","150","2","2","6824","76.3042203985932","23.6957796014068","10.5656506447831","0.0293083235638921","32.9425556858148","4.20574443141852","0","3.47303634232122","25.0879249706917","96382"
"06067009307","06","California","2","2","2","5483","50.2462155754149","49.7537844245851","6.93051249316068","0","15.3200802480394","0","0.218858289257706","8.07951851176363","19.6972460331935","120266"
"06067009900","06","California","66","2","2","3808","63.4453781512605","36.5546218487395","0","0","4.28046218487395","0","0.446428571428571","2.4422268907563","56.2762605042017","76034"
"06069000802","06","California","110","2","2","4201","47.9885741490121","52.0114258509879","0.357057843370626","0.0238038562247084","1.57105451083075","2.21375862889788","0.119019281123542","4.92739823851464","38.77648179005","143875"
"06071001600","06","California","48","2","2","4773","97.7582233396187","2.24177666038131","0.900900900900901","0","0.43997485857951","0","0","1.44563167818982","94.9717159019485","65188"
"06071009134","06","California","5","2","2","871","81.8599311136625","18.1400688863375","1.26291618828932","0","0.459242250287026","0.229621125143513","0","0","79.9081515499426","61250"
"06071010024","06","California","1","2","2","5337","61.8887015177066","38.1112984822934","6.44556867153832","0.131159827618512","0.224845418774592","0","0","5.05902192242833","50.0281056773468","83846"
"06071010300","06","California","2","2","2","2854","47.0567624386826","52.9432375613174","0.315346881569727","0","6.41205325858444","0","0","5.18570427470217","35.1436580238262","64348"
"06071010424","06","California","20","2","2","1579","33.8822039265358","66.1177960734642","6.64977834072198","6.90310322989234","2.21659278024066","0","1.70994300189994","3.73654211526282","12.666244458518","58835"
"06071010435","06","California","16","2","2","1912","32.2175732217573","67.7824267782427","3.24267782426778","3.24267782426778","0","0.47071129707113","0","6.11924686192469","19.1422594142259","45313"
"06071011300","06","California","17","2","2","1123","25.2894033837934","74.7105966162066","0","0","3.38379341050757","0","1.8699910952805","10.5966162065895","9.43900267141585","81833"
"06071011900","06","California","4","2","2","2371","36.3981442429355","63.6018557570645","0.337410375369043","1.47617039223956","0.759173344580346","0","1.22311261071278","3.03669337832138","29.5655841417124","66250"
"06071012101","06","California","160","2","2","7399","47.5739964860116","52.4260035139884","12.3935666982025","0","6.4873631571834","0","1.41911069063387","5.28449790512231","21.9894580348696","77143"
"06071012105","06","California","190","2","2","2760","43.2608695652174","56.7391304347826","2.7536231884058","0.543478260869565","3.3695652173913","0","0.217391304347826","2.7536231884058","33.6231884057971","74453"
"06071980100","06","California","22","2","2","3","100","0","66.6666666666667","0","0","0","0","0","33.3333333333333",""
"06071980200","06","California","5210","2","2","4161","83.4174477289113","16.5825522710887","24.6094688776736","4.42201393895698","3.0761836097092","0.264359528959385","0","0","51.0454217736121",""
"06073002712","06","California","18","2","2","5309","90.5820305142211","9.41796948577887","19.9849312488228","0","17.2537200979469","0","0.621585986061405","0.979468826521002","51.7423243548691","52688"
"06073003201","06","California","16","2","2","5335","89.1846298031865","10.8153701968135","14.8641049671978","0.0937207122774133","25.8669165885661","4.47985004686036","0","13.2146204311153","30.6654170571696","83169"
"06073003209","06","California","190","2","2","5436","76.9683590875644","23.0316409124356","11.5158204562178","0","32.7814569536424","2.72259013980868","0.0183958793230316","9.98896247240618","19.9411331861663","85700"
"06073003213","06","California","8","2","2","3984","91.8674698795181","8.13253012048193","22.9417670682731","0","47.464859437751","0","0","2.71084337349398","18.75","137870"
"06073005602","06","California","23","2","2","2096","46.3740458015267","53.6259541984733","2.09923664122137","0","12.0229007633588","0","1.76526717557252","2.33778625954198","28.1488549618321","104896"
"06073006200","06","California","59700","2","2","28","78.5714285714286","21.4285714285714","25","53.5714285714286","0","0","0","0","0",""
"06073007601","06","California","11","2","2","1756","12.5284738041002","87.4715261958998","0.626423690205011","0.968109339407745","0.398633257403189","2.33485193621868","0","3.98633257403189","4.21412300683371","114034"
"06073009400","06","California","793.333333333333","6","6","4394","58.1019572143832","41.8980427856168","16.0901228948566","0.864815657715066","3.25443786982249","0.318616294947656","0.227583067819754","6.16750113791534","31.1788802913063","89893"
"06073009504","06","California","170","2","2","6428","47.1686372121966","52.8313627878034","2.45799626633479","0","22.8842563783447","0","0.311138767890479","5.94275046670815","15.5724953329185","250001"
"06073011300","06","California","1989","2","2","2304","54.0364583333333","45.9635416666667","13.0642361111111","0.260416666666667","7.72569444444444","1.99652777777778","0","3.21180555555556","27.7777777777778","111397"
"06073011602","06","California","22","2","2","3811","85.2007347152978","14.7992652847022","6.19260036735765","0.55103647336657","8.00314877984781","0","0","0.393597480976122","70.0603516137497","61854"
"06073013308","06","California","2","2","2","3901","95.3857985132017","4.61420148679826","3.40938220968982","0","7.7416047167393","0","0.0512689054088695","0.435785695975391","83.7477569853884","101979"
"06073013317","06","California","66.5","4","4","18047","85.9256386102953","14.0743613897047","6.49969524020613","0","32.9583864354186","0","0.58181415193661","2.90352967252175","42.9822131102122","129469"
"06073013506","06","California","110","2","2","4331","55.7377049180328","44.2622950819672","3.64811821750173","0","7.73493419533595","0.484876471946433","2.00877395520665","4.5255137381667","37.3354883398753","111304"
"06073016201","06","California","15","2","2","5537","18.8188549756186","81.1811450243814","2.31172114863645","0","0.740473180422612","0.288965143579556","0.216723857684667","5.94184576485461","9.31912588044067","130852"
"06073017010","06","California","20","2","2","3113","29.5534853838741","70.4465146161259","0.32123353678124","0","7.3562479922904","0.224863475746868","2.76260841631866","7.74172823642788","11.146803726309","214398"
"06073017112","06","California","7600","2","2","2319","39.370418283743","60.629581716257","0.646830530401035","0.517464424320828","14.4890038809832","0","0.86244070720138","7.58947822337214","15.2652005174644","250001"
"06073018509","06","California","22","2","2","5559","82.6947292678539","17.3052707321461","10.1996762007555","0","6.17017449181507","2.23061701744918","0.449721172872819","5.00089944234575","58.6436409426156","71371"
"06073018700","06","California","24","2","2","40415","52.7922800940245","47.2077199059755","7.19039960410739","1.29654831127057","6.0695286403563","0.358777681553879","1.17035754051713","4.74823704070271","31.9584312755165","67156"
"06073019105","06","California","11","2","2","7971","42.9557144649354","57.0442855350646","3.29946054447372","1.25454773554134","11.5794755990465","0","0.439091707439468","4.65437209885836","21.728766779576","122109"
"06073019209","06","California","15","2","2","2792","39.2908309455587","60.7091690544413","4.22636103151862","0","5.73065902578797","0","0.214899713467049","4.2621776504298","24.8567335243553","140417"
"06073020029","06","California","110","2","2","7007","74.1116026830313","25.8883973169687","1.74111602683031","0.827743684886542","8.76266590552305","0","0","5.97973455116312","56.8003425146282","77449"
"06073020807","06","California","680","2","2","2950","38.4406779661017","61.5593220338983","0.0677966101694915","0.372881355932203","2.50847457627119","0","2.10169491525424","6.06779661016949","27.3220338983051","128177"
"06073021202","06","California","52","2","2","3238","28.9376158122298","71.0623841877702","0.80296479308215","2.19271155033972","0.277949351451513","0.432365657813465","0.86473131562693","5.68252007411983","18.6843730697962","91597"
"06073022101","06","California","110","2","2","2514","29.5147175815434","70.4852824184566","1.43198090692124","0","5.44948289578361","3.38106603023071","0","15.115354017502","4.13683373110581","190469"
"06075980600","06","California","21","2","2","1295","81.6216216216216","18.3783783783784","22.007722007722","0","36.5250965250965","0","1.6988416988417","7.02702702702703","14.3629343629344","154375"
"06077004800","06","California","1100","2","2","5333","43.8027376711044","56.1972623288956","1.89386836677292","0","1.38758672417026","0","0","2.34389649353085","38.1773860866304","103284"
"06077005131","06","California","7000","2","2","6967","63.9730156451844","36.0269843548156","10.6502081240132","0.574135208841682","9.18616334146692","0","1.59322520453567","4.23424716520741","37.7350366011196","92500"
"06077005502","06","California","3","2","2","5279","85.7359348361432","14.2640651638568","3.67493843530972","0","57.7192650123129","1.17446486076909","0","4.07274104944118","19.0945254783103","197083"
"06079011505","06","California","290","2","2","5040","32.2222222222222","67.7777777777778","2.87698412698413","0.138888888888889","3.92857142857143","0.515873015873016","0.674603174603175","5.1984126984127","18.8888888888889","117695"
"06079013100","06","California","14","2","2","6475","19.4440154440154","80.5559845559846","0.123552123552124","0","0.277992277992278","0","0.540540540540541","4.78764478764479","13.7142857142857","109631"
"06081600100","06","California","130","2","2","5295","60.8498583569405","39.1501416430595","0.0188857412653447","0","36.7705382436261","0.28328611898017","0.339943342776204","6.66666666666667","16.7705382436261","156310"
"06081601000","06","California","2","2","2","7500","86.4","13.6","2.72","0","56.7866666666667","0.946666666666667","5.18666666666667","4.21333333333333","16.5466666666667","126406"
"06081605400","06","California","480","2","2","6557","44.578313253012","55.421686746988","0","0.122007015403386","22.0985206649382","0.305017538508464","1.46408418484063","2.79091047735245","17.7977733719689","166972"
"06081611700","06","California","360","2","2","6627","91.202655802022","8.79734419797797","5.52286102308737","0","19.7072581862079","0","0","3.9082541119662","62.0642824807605","158333"
"06081613501","06","California","33","2","2","4379","51.7926467229961","48.2073532770039","0.479561543731446","0","8.17538250742179","0.159853847910482","0","5.36652203699475","37.6113267869377","172869"
"06081984300","06","California","226","2","2","0","","","","","","","","","",""
"06083002011","06","California","169","2","2","6017","74.7881003822503","25.2118996177497","0.0997174671763337","0.432109024430779","3.02476317101546","0","0.0997174671763337","2.89180654811368","68.2399867043377","103185"
"06083002211","06","California","10","2","2","5894","63.0132337970818","36.9867662029182","1.61180861893451","0.186630471666101","4.29250084832033","0","0","1.44214455378351","55.4801493043773","102589"
"06083002932","06","California","250","2","2","2342","53.8428693424424","46.1571306575576","1.06746370623399","0.170794192997438","10.5892399658412","0","0.426985482493595","1.66524338172502","39.9231426131511","120250"
"06083003102","06","California","39","2","2","3019","52.9314342497516","47.0685657502484","0.927459423650215","0.0331235508446505","0.927459423650215","0","0","3.11361377939715","47.9297780722093","109107"
"06083980000","06","California","79000","2","2","0","","","","","","","","","",""
"06083980200","06","California","8200","2","2","3452","45.0173812282735","54.9826187717265","8.74855156431054","1.18771726535342","5.01158748551564","0.608342989571263","0","11.7902665121669","17.6709154113557","83929"
"06085503105","06","California","140","2","2","2012","89.5626242544732","10.4373757455268","0.0497017892644135","0","62.0775347912525","0","0","1.04373757455268","26.3916500994036","61838"
"06085504602","06","California","229.666666666667","6","6","1542","81.7769130998703","18.2230869001297","2.14007782101167","0","18.5473411154345","0","0","2.72373540856031","58.3657587548638","121953"
"06085504700","06","California","120000","2","2","845","56.6863905325444","43.3136094674556","3.55029585798817","0","6.98224852071006","13.491124260355","0","12.189349112426","20.4733727810651","194917"
"06085505010","06","California","280","2","2","4756","84.4196804037006","15.5803195962994","3.84777123633305","0","65.0967199327166","0","1.09335576114382","2.64928511354079","11.7325483599664","202663"
"06085505100","06","California","585","2","2","3993","82.0185324317556","17.9814675682444","3.3809166040571","0","39.8196844477836","0","0","2.854996243426","35.9629351364889","115395"
"06085509108","06","California","20","2","2","4617","77.8427550357375","22.1572449642625","6.30279402209227","0","39.5278319254927","0","0.32488628979857","8.70695256660169","22.9802902317522","219063"
"06085511918","06","California","29","2","2","3243","60.6845513413506","39.3154486586494","0","0.215849522047487","34.6284304656183","0","0.709219858156028","6.8763490595128","18.254702436016","250001"
"06085513500","06","California","5","2","2","1009","35.7779980178394","64.2220019821605","0.495540138751239","0","8.02775024777007","0","0.991080277502478","0.594648166501487","25.6689791873142","102750"
"06087120200","06","California","110","2","2","4237","34.6235544016993","65.3764455983007","0.519235308000944","0","3.89426481000708","0","3.25702147746047","6.23082369601133","20.7222091102195","133750"
"06087122300","06","California","71.5","4","4","3804","42.1398527865405","57.8601472134595","0.0262881177707676","0","1.65615141955836","0","0.920084121976867","5.28391167192429","34.2534174553102","103929"
"06089010500","06","California","190","2","2","5025","23.4029850746269","76.5970149253731","0.378109452736318","1.11442786069652","1.13432835820896","0","0","5.21393034825871","15.5621890547264","52662"
"06089011502","06","California","820","2","2","2641","12.9875047330557","87.0124952669443","0.0378644452858766","0","0","0","0","3.02915562287013","9.92048466489966","70078"
"06089011600","06","California","280","2","2","3525","18.8368794326241","81.1631205673759","0","0.99290780141844","4.17021276595745","0.226950354609929","0","2.0709219858156","11.3758865248227","75348"
"06089012303","06","California","4","2","2","3923","35.5085393831252","64.4914606168748","0","1.63140453734387","13.4335967371909","0.637267397399949","0","2.11572775936783","17.6905429518226","97941"
"06093001003","06","California","2","2","2","4549","22.0268190811167","77.9731809188833","1.5827654429545","0","2.15431963068806","2.87975379204221","0","7.49615300065949","7.91382721477248","54846"
"06093001200","06","California","1","2","2","1096","20.6204379562044","79.3795620437956","0.638686131386861","1.45985401459854","0.821167883211679","0.547445255474453","0","10.036496350365","7.11678832116788","49926"
"06095250801","06","California","124","2","2","4762","72.2595548089038","27.7404451910962","19.8446031079378","0","13.6077278454431","0","0.608987820243595","5.45989080218396","32.7383452330953","113933"
"06095252702","06","California","166","4","4","7119","76.8225874420565","23.1774125579435","21.4636887203259","0","22.039612305099","1.2220817530552","0.618064334878494","9.74856019103807","21.7305801376598","65833"
"06095253501","06","California","384","2","2","6523","44.8566610455312","55.1433389544688","9.06024835198528","0","6.8373447800092","0","0","1.76299248811896","27.1960754254178","81923"
"06095980000","06","California","140000","2","2","0","","","","","","","","","",""
"06097150612","06","California","260","2","2","4729","35.3351659970395","64.6648340029605","2.83358003806302","0","4.50412349333897","0","0.718968069359273","5.85747515330937","21.4210192429689","135240"
"06097151100","06","California","260","2","2","4897","27.7925260363488","72.2074739636512","1.28650193996324","0","1.18439861139473","0","0","5.00306309985706","20.3185623851338","127713"
"06097152702","06","California","370","4","4","4842","38.2693102023957","61.7306897976043","1.46633622470054","0","5.20446096654275","0.0413052457662123","2.72614622057001","6.23709211069806","22.5939694341181","113772"
"06097152801","06","California","47","2","2","4523","43.7320362591201","56.2679637408799","1.2381162944948","0","3.00685385805881","0","1.63608224629671","7.16338713243422","30.6875967278355","100139"
"06099000405","06","California","18","2","2","2682","70.2087994034303","29.7912005965697","0.969425801640567","0","0.857568978374348","0.298284862043251","0","9.06040268456376","59.0231170768084","59779"
"06103000400","06","California","2","2","2","5705","20.3505696757231","79.6494303242769","0.0876424189307625","0","1.71779141104294","0","1.05170902716915","5.78439964943032","11.7090271691499","103438"
"06107003401","06","California","39","2","2","4830","78.0124223602485","21.9875776397516","0.807453416149068","0.165631469979296","6.19047619047619","0","0","0.952380952380952","69.8964803312629","51616"
"06111002901","06","California","21","2","2","5680","74.3485915492958","25.6514084507042","1.61971830985915","0.316901408450704","9.6830985915493","0.105633802816901","0.299295774647887","5.82746478873239","56.4964788732394","134861"
"06111002905","06","California","262.5","4","4","5193","82.9193144617755","17.0806855382245","1.40573849412671","0","9.18544194107452","0","0.481417292509147","3.38917773926439","68.4575389948007","132823"
"06111004600","06","California","1071530","2","2","1860","41.1827956989247","58.8172043010753","5.91397849462366","0.967741935483871","3.49462365591398","0","0","8.44086021505376","22.3655913978495","67460"
"06111004715","06","California","770","2","4","4239","83.5574427931116","16.4425572068884","0.377447511205473","0","6.53456003774475","1.3446567586695","0.518990327907525","3.16112290634584","71.6206652512385","85517"
"06111008502","06","California","2","2","2","3578","41.8390162101733","58.1609837898267","0.838457238680827","0","6.98714365567356","0","1.62101732811627","14.8127445500279","17.5796534376747","143194"
"06115040800","06","California","150","2","2","4495","34.1490545050056","65.8509454949944","0.0222469410456062","0","1.49054505005562","0","0.444938820912125","13.1479421579533","19.0433815350389","92500"
"06115040902","06","California","3100","2","2","2242","46.342551293488","53.657448706512","13.3809099018733","0.178412132024978","3.74665477252453","0","0","15.3880463871543","13.6485280999108","60122"
"41007951300","41","Oregon","1","1","1","3234","13.4508348794063","86.5491651205937","0","0","1.14409400123686","0","0","5.22572665429808","7.08101422387137","99643"
"41035970800","41","Oregon","21000","1","1","2845","17.6449912126538","82.3550087873462","0","1.96836555360281","0","0","0","9.45518453427065","6.22144112478032","68589"
"41037960100","41","Oregon","1","1","1","2685","11.731843575419","88.268156424581","0","2.08566108007449","0","0","1.71322160148976","0.297951582867784","7.63500931098696","51793"
"41045970300","41","Oregon","1","1","1","4514","51.019051838724","48.980948161276","0.0221533008418254","0.132919805050953","2.30394328754985","0","0","1.75011076650421","46.8099246787771","43090"
"41049970102","41","Oregon","6","1","1","3915","34.3039591315453","65.6960408684547","0.664112388250319","0","0","0","0.587484035759898","1.89016602809706","31.1621966794381","72719"
"41051007300","41","Oregon","27450","2","3","1606","45.5790784557908","54.4209215442092","10.0871731008717","0.49813200498132","0.809464508094645","5.97758405977584","0","11.2702366127024","16.9364881693649","56250"
"41051010200","41","Oregon","5000","1","1","7534","61.0167241837006","38.9832758162994","12.8882399787629","1.14149190337138","2.88027608176268","2.65463233342182","0.59729227501991","5.52163525351739","35.3331563578444","81019"
"53021980100","53","Washington","380","2","2","0","","","","","","","","","",""
"53025010800","53","Washington","336","2","2","5321","48.5435068596129","51.4564931403871","4.54801728998309","0.244314978387521","1.52227024995302","0.225521518511558","0","5.75079872204473","36.2525841007329","45385"
"53029970200","53","Washington","58500","2","2","2095","61.6706443914081","38.3293556085919","9.64200477326969","8.40095465393795","7.78042959427208","0","0","5.34606205250597","30.5011933174224","42188"
"53029971100","53","Washington","3","2","2","3682","10.8908202064096","89.1091797935904","0.0271591526344378","0.407387289516567","2.14557305812059","0","0","2.87887017925041","5.43183052688756","100313"
"53029971700","53","Washington","0","2","2","4416","16.1005434782609","83.8994565217391","1.78894927536232","0.0905797101449275","4.03079710144928","0.271739130434783","0.317028985507246","6.79347826086957","2.80797101449275","100313"
"53029972100","53","Washington","3","2","2","4376","14.7394881170018","85.2605118829982","0","0.205667276051188","0.754113345521024","0","0","5.9872029250457","7.79250457038391","94183"
"53033010900","53","Washington","350","2","2","1295","39.7683397683398","60.2316602316602","2.77992277992278","2.00772200772201","13.976833976834","0","0.540540540540541","9.72972972972973","10.7335907335907","79750"
"53033032103","53","Washington","610.333333333333","6","8","5934","40.7650825749916","59.2349174250084","3.60633636670037","0.185372430064038","15.9420289855072","0","2.03909673070442","12.1840242669363","6.8082237950792","121685"
"53033032706","53","Washington","56","1","1","2627","20.6699657403883","79.3300342596117","1.78911305671869","0.114198705748002","4.26341834792539","0","4.11115340692805","4.9486105824134","5.44347164065474","181563"
"53035091400","53","Washington","171","2","2","3775","34.3841059602649","65.6158940397351","8.26490066225166","0.132450331125828","8.39735099337748","0.291390728476821","0.741721854304636","9.64238410596026","6.91390728476821","121705"
"53035092600","53","Washington","45","2","2","6774","24.4316504281075","75.5683495718925","0.649542367877177","0.310008857395926","4.39917330971361","1.99291408325952","0","6.48066135222911","10.5993504576321","125828"
"53061041901","53","Washington","0","2","2","6681","68.1335129471636","31.8664870528364","7.64855560544829","0","31.2977099236641","0","0","5.56802873821284","23.6192186798383","88929"
"53063013700","53","Washington","350","2","2","4069","31.3590562791841","68.6409437208159","4.49741951339395","2.11354141066601","1.84320471860408","6.73384123863357","0.0491521258294421","4.84148439420005","11.280412877857","76286"
"53063013800","53","Washington","22000","2","2","2931","34.1862845445241","65.8137154554759","9.86011600136472","1.50119413169567","2.08120095530536","0","0","4.94711702490618","15.7966564312521","69917"
