program,pws_id,pws_name,analytical_records,systems,sample_keys,point_date_groups,analytes,detected_records,systems_with_detections,first_collection,last_collection
UCMR3,OR4100012,City of Albany,48,1,8,8,6,0,0,2013-04-10,2014-01-21
UCMR3,OR4100047,Ashland Water Department,24,1,4,4,6,0,0,2013-11-06,2014-08-06
UCMR3,OR4100073,Baker City,24,1,4,4,6,0,0,2013-02-13,2013-11-13
UCMR3,OR4100081,City of Beaverton,36,1,6,6,6,0,0,2013-01-16,2013-10-08
UCMR3,OR4100091,Avion Water Company,72,1,12,12,6,0,0,2014-09-17,2015-07-30
UCMR3,OR4100100,Bend Water Department,132,1,22,22,6,0,0,2013-12-10,2014-10-20
UCMR3,OR4100130,City of Boardman,12,1,2,2,6,0,0,2013-03-20,2013-09-24
UCMR3,OR4100157,Canby Utility,24,1,4,4,6,0,0,2014-03-04,2014-12-09
UCMR3,OR4100178,City of Central Point,24,1,4,4,6,0,0,2015-02-17,2015-11-04
UCMR3,OR4100187,Clackamas River Water - Clackamas,24,1,4,4,6,0,0,2014-11-24,2015-08-24
UCMR3,OR4100205,Coos Bay North Bend Water Board,24,1,4,4,6,0,0,2014-08-04,2015-05-12
UCMR3,OR4100218,City of Cornelius,48,1,8,8,6,0,0,2013-07-22,2014-04-08
UCMR3,OR4100225,City of Corvallis,48,1,8,8,6,0,0,2013-03-13,2013-12-19
UCMR3,OR4100226,Childrens Farm Home Campus,12,1,2,2,6,0,0,2014-03-19,2014-09-24
UCMR3,OR4100248,City of Dallas,24,1,4,4,6,0,0,2013-12-05,2014-09-04
UCMR3,OR4100287,Eugene Water & Electric Board,24,1,4,4,6,0,0,2013-03-13,2013-12-16
UCMR3,OR4100305,City of Forest Grove,48,1,8,8,6,0,0,2013-04-17,2014-01-22
UCMR3,OR4100321,City of Gladstone,18,1,3,3,6,0,0,2015-05-26,2015-12-09
UCMR3,OR4100342,City of Grants Pass,24,1,4,4,6,0,0,2014-07-17,2015-04-13
UCMR3,OR4100357,Gresham PWO - Water Section,24,1,4,4,6,0,0,2014-02-18,2014-11-18
UCMR3,OR4100372,City of Hermiston,72,1,12,12,6,0,0,2014-05-12,2015-02-18
UCMR3,OR4100443,Klamath Falls Water Department,84,1,14,14,6,0,0,2014-05-27,2014-11-18
UCMR3,OR4100453,City of La Grande,60,1,10,10,6,0,0,2015-03-11,2015-10-07
UCMR3,OR4100457,Lake Oswego Municipal Water,24,1,4,4,6,0,0,2014-04-08,2015-01-19
UCMR3,OR4100473,City of Lebanon,24,1,4,4,6,0,0,2013-07-15,2014-04-07
UCMR3,OR4100483,Lincoln City Water District,24,1,4,4,6,0,0,2013-01-22,2013-10-16
UCMR3,OR4100497,McMinnville Water & Light,24,1,4,4,6,0,0,2013-07-17,2014-04-09
UCMR3,OR4100500,City of Madras,12,1,2,2,6,0,0,2015-05-12,2015-11-16
UCMR3,OR4100501,Deschutes Valley Water District,12,1,2,2,6,0,0,2014-03-26,2014-09-23
UCMR3,OR4100513,Medford Water Commission,24,1,4,4,6,0,0,2013-03-11,2014-05-29
UCMR3,OR4100528,City of Milwaukie,48,1,8,8,6,0,0,2013-04-22,2013-10-16
UCMR3,OR4100557,City of Newberg,12,1,2,2,6,0,0,2013-11-07,2014-05-19
UCMR3,OR4100587,City of Ontario,24,1,4,4,6,0,0,2014-10-27,2015-08-13
UCMR3,OR4100594,Clackmas River Water - Clairmont,24,1,4,4,6,0,0,2013-07-08,2014-04-29
UCMR3,OR4100613,City of Pendleton,48,1,8,8,6,0,0,2013-07-17,2014-05-28
UCMR3,OR4100626,City of Pilot Rock,24,1,4,4,6,0,0,2013-04-23,2013-10-30
UCMR3,OR4100635,Sunrise Water Authority,120,1,20,20,6,0,0,2013-10-28,2014-07-28
UCMR3,OR4100657,Portland Water Bureau,36,1,6,6,6,0,0,2014-03-19,2015-06-17
UCMR3,OR4100660,West Slope Water District,24,1,4,4,6,0,0,2013-12-10,2014-09-30
UCMR3,OR4100665,Tualatin Valley Water District,60,1,10,10,6,0,0,2014-08-13,2015-06-29
UCMR3,OR4100667,Raleigh Water District,24,1,4,4,6,0,0,2014-01-06,2014-10-09
UCMR3,OR4100668,Rockwood PUD,24,1,4,4,6,0,0,2014-06-16,2015-03-18
UCMR3,OR4100693,Redmond Water Department,84,1,14,14,6,0,0,2014-03-18,2014-10-20
UCMR3,OR4100702,Rhododendron Water Assoc.,24,1,4,4,6,0,0,2015-03-18,2015-12-14
UCMR3,OR4100720,City of Roseburg,24,1,4,4,6,0,0,2014-05-06,2015-02-18
UCMR3,OR4100724,City of St. Helens,24,1,4,4,6,0,0,2015-02-24,2015-11-10
UCMR3,OR4100731,Salem Public Works,24,1,4,4,6,0,0,2013-01-22,2013-10-21
UCMR3,OR4100744,City of Keizer,180,1,30,30,6,0,0,2014-03-04,2014-09-24
UCMR3,OR4100768,Suburban East Salem Water District,24,1,4,4,6,0,0,2014-12-28,2015-12-21
UCMR3,OR4100792,City of Scappoose,36,1,6,6,6,0,0,2013-03-11,2013-12-10
UCMR3,OR4100816,City of Sherwood,48,1,8,8,6,0,0,2014-05-27,2015-02-18
UCMR3,OR4100837,Springfield Utility Board,72,1,12,12,6,0,0,2013-03-18,2013-12-17
UCMR3,OR4100869,City of The Dalles,60,1,10,10,6,0,0,2014-05-07,2015-02-10
UCMR3,OR4100878,City of Tigard,84,1,14,14,6,0,0,2014-11-18,2015-08-12
UCMR3,OR4100901,City of Troutdale,48,1,8,8,6,0,0,2013-04-24,2013-10-23
UCMR3,OR4100906,City of Tualatin,24,1,4,4,6,0,0,2014-01-08,2014-11-10
UCMR3,OR4100944,City of West Linn,24,1,4,4,6,0,0,2014-05-07,2015-02-04
UCMR3,OR4100954,City of Wilsonville,24,1,4,4,6,0,0,2014-03-18,2014-12-02
UCMR3,OR4100959,City of Woodburn,36,1,6,6,6,0,0,2013-12-18,2014-06-09
UCMR3,OR4101053,Riverbend Mobile Home Park,24,1,4,4,6,0,0,2014-04-22,2014-10-17
UCMR3,OR4101511,Oregon City,24,1,4,4,6,0,0,2014-05-07,2015-02-04
UCMR3,OR4101512,Oak Lodge Water District,24,1,4,4,6,0,0,2013-11-13,2014-08-13
UCMR3,OR4101513,City of Hillsboro,24,1,4,4,6,0,0,2013-07-15,2014-04-16
UCMR3,OR4190416,Georgia-Pacific CPLP Wauna,24,1,4,4,6,0,0,2015-01-21,2015-10-19
UCMR3,OR4194431,JLR,24,1,4,4,6,0,0,2013-05-20,2013-11-13
UCMR5,OR4100003,ADAIR VILLAGE WATER SYSTEM,116,1,4,4,29,0,0,2023-02-28,2023-12-05
UCMR5,OR4100012,"ALBANY, CITY OF",232,1,8,8,29,0,0,2023-03-22,2023-12-20
UCMR5,OR4100047,ASHLAND WATER DEPARTMENT,116,1,6,6,29,0,0,2023-01-19,2026-01-06
UCMR5,OR4100055,"ASTORIA, CITY OF",116,1,5,5,29,0,0,2024-01-23,2024-10-21
UCMR5,OR4100065,"AUMSVILLE, CITY OF",58,1,3,3,29,0,0,2023-05-17,2024-01-30
UCMR5,OR4100073,BAKER CITY,116,1,4,4,29,0,0,2024-01-24,2024-10-30
UCMR5,OR4100074,"BANDON, CITY OF",116,1,4,4,29,0,0,2024-02-20,2024-11-19
UCMR5,OR4100081,"BEAVERTON, CITY OF",232,1,8,8,29,0,0,2023-07-17,2024-06-25
UCMR5,OR4100091,AVION WC - GREATER AVION,203,1,9,9,29,0,0,2025-02-19,2025-08-26
UCMR5,OR4100100,BEND WATER DEPARTMENT,580,1,22,22,29,6,1,2023-05-10,2024-08-14
UCMR5,OR4100113,ROATS WATER SYSTEM,174,1,7,7,29,0,0,2023-03-22,2024-02-12
UCMR5,OR4100115,ROATS WOODSIDE RANCH WS,348,1,14,14,29,0,0,2025-01-14,2025-08-26
UCMR5,OR4100130,"BOARDMAN, CITY OF",116,1,6,6,29,0,0,2025-02-12,2025-10-14
UCMR5,OR4100149,"BROOKINGS, CITY OF",58,1,2,2,29,0,0,2024-01-24,2024-07-23
UCMR5,OR4100157,CANBY UTILITY,116,1,6,6,29,0,0,2023-09-14,2024-04-09
UCMR5,OR4100178,"CENTRAL POINT, CITY OF",116,1,5,5,29,0,0,2024-06-04,2025-03-12
UCMR5,OR4100187,CLACKAMAS RIVER WATER - CLACKAMAS,116,1,8,4,29,0,0,2024-02-14,2024-11-13
UCMR5,OR4100205,COOS BAY NORTH BEND WTR BRD,116,1,6,4,29,0,0,2024-01-17,2024-10-16
UCMR5,OR4100213,"COQUILLE, CITY OF",116,1,5,5,29,0,0,2023-03-21,2024-01-09
UCMR5,OR4100218,"CORNELIUS, CITY OF",145,1,10,6,29,0,0,2024-04-30,2025-01-13
UCMR5,OR4100225,"CORVALLIS, CITY OF",232,1,8,8,29,0,0,2024-12-10,2025-09-10
UCMR5,OR4100236,"COTTAGE GROVE, CITY OF",116,1,4,4,29,0,0,2023-12-14,2024-09-10
UCMR5,OR4100246,"CRESWELL, CITY OF",116,1,4,4,29,0,0,2023-02-20,2023-11-20
UCMR5,OR4100248,"DALLAS, CITY OF",116,1,8,6,29,0,0,2023-03-09,2023-12-08
UCMR5,OR4100259,"DONALD, CITY OF",58,1,2,2,29,0,0,2025-06-09,2025-12-08
UCMR5,OR4100262,"DUNDEE, CITY OF",261,1,9,9,29,2,1,2023-04-11,2023-10-04
UCMR5,OR4100267,"EAGLE POINT, CITY OF",348,1,14,14,29,0,0,2025-03-11,2026-01-06
UCMR5,OR4100279,"ESTACADA, CITY OF",116,1,4,4,29,1,1,2024-03-11,2024-12-17
UCMR5,OR4100287,EUGENE WATER & ELECTRIC BOARD,116,1,4,4,29,0,0,2023-02-06,2023-11-06
UCMR5,OR4100296,"FAIRVIEW, CITY OF",116,1,4,4,29,0,0,2025-05-14,2025-11-17
UCMR5,OR4100297,"FALLS CITY OR, CITY OF",116,1,5,5,29,0,0,2025-01-13,2025-10-15
UCMR5,OR4100299,"FLORENCE, CITY OF",58,1,2,2,29,0,0,2024-05-22,2024-11-20
UCMR5,OR4100301,HECETA WATER PEOPLES UTILITY DISTRICT,116,1,4,4,29,0,0,2024-02-21,2024-11-20
UCMR5,OR4100305,"FOREST GROVE, CITY OF",232,1,8,8,29,0,0,2023-07-10,2024-04-08
UCMR5,OR4100321,"GLADSTONE, CITY OF",116,1,4,4,29,0,0,2023-10-02,2025-12-17
UCMR5,OR4100324,KERNVILLE-GLENEDEN-LINC BCH WD,116,1,4,4,29,0,0,2023-01-10,2023-10-03
UCMR5,OR4100342,"GRANTS PASS, CITY OF",116,1,5,5,29,0,0,2024-03-11,2024-12-05
UCMR5,OR4100357,"GRESHAM, CITY OF",115,1,4,4,29,0,0,2024-10-09,2025-07-14
UCMR5,OR4100359,CORBETT WATER DISTRICT,116,1,4,4,29,0,0,2025-02-11,2025-11-19
UCMR5,OR4100366,"HARRISBURG, CITY OF",58,1,2,2,29,0,0,2023-03-20,2023-10-04
UCMR5,OR4100372,"HERMISTON, CITY OF",316,1,14,14,29,17,1,2023-06-20,2024-06-10
UCMR5,OR4100385,"HOOD RIVER, CITY OF",58,1,2,2,29,0,0,2025-01-27,2025-07-16
UCMR5,OR4100386,CRYSTAL SPRINGS WATER DISTRICT,116,1,4,4,29,0,0,2025-03-17,2025-09-17
UCMR5,OR4100387,ICE FOUNTAIN WATER DISTRICT,58,1,2,2,29,0,0,2025-03-17,2025-11-03
UCMR5,OR4100389,"HUBBARD, CITY OF",58,1,2,2,29,0,0,2025-01-13,2025-07-16
UCMR5,OR4100399,INDEPENDENCE WATER SYSTEM,116,1,4,4,29,4,1,2023-05-16,2023-11-20
UCMR5,OR4100443,KLAMATH FALLS WATER DEPT,348,1,24,13,29,6,1,2024-03-20,2024-10-02
UCMR5,OR4100452,"LAFAYETTE, CITY OF",348,1,12,12,29,0,0,2024-03-13,2024-12-18
UCMR5,OR4100453,"LA GRANDE, CITY OF",290,1,10,10,29,0,0,2023-07-25,2024-01-10
UCMR5,OR4100457,LAKE OSWEGO MUNICIPAL WATER,116,1,4,4,29,0,0,2023-11-08,2024-07-31
UCMR5,OR4100461,RIVERGROVE WATER DISTRICT,174,1,6,6,29,0,0,2025-06-09,2025-12-08
UCMR5,OR4100464,"LAKEVIEW, CITY OF",58,1,2,2,29,0,0,2024-05-22,2024-12-09
UCMR5,OR4100473,"LEBANON, CITY OF",116,1,5,5,29,0,0,2023-02-14,2023-11-07
UCMR5,OR4100483,LINCOLN CITY WATER DISTRICT,116,1,6,6,29,0,0,2023-02-14,2023-11-15
UCMR5,OR4100497,MCMINNVILLE WATER & LIGHT,116,1,4,4,29,0,0,2025-02-05,2025-11-11
UCMR5,OR4100500,"MADRAS, CITY OF",116,1,5,5,29,0,0,2024-02-21,2024-08-19
UCMR5,OR4100501,DESCHUTES VALLEY WATER DIST,58,1,2,2,29,0,0,2024-12-09,2025-05-07
UCMR5,OR4100508,MARCOLA WATER DISTRICT,232,1,10,10,29,5,1,2023-05-16,2024-01-30
UCMR5,OR4100513,MEDFORD WATER COMMISSION,232,1,11,11,29,0,0,2023-05-30,2024-05-14
UCMR5,OR4100522,"MILTON-FREEWATER, CITY OF",174,1,6,6,29,3,1,2025-05-06,2025-10-30
UCMR5,OR4100528,"MILWAUKIE, CITY OF",174,1,7,7,29,4,1,2024-02-20,2024-10-29
UCMR5,OR4100534,"MOLALLA, CITY OF",116,1,4,4,29,1,1,2023-01-10,2023-10-03
UCMR5,OR4100537,"MONMOUTH, CITY OF",116,1,4,4,29,0,0,2023-01-23,2023-10-04
UCMR5,OR4100544,"MOUNT ANGEL, CITY OF",116,1,4,4,29,0,0,2025-02-10,2025-08-18
UCMR5,OR4100549,TRI-CITY JW&SA,116,1,6,6,29,0,0,2023-01-09,2024-05-06
UCMR5,OR4100550,"MYRTLE CREEK, CITY OF",116,1,4,4,29,0,0,2023-01-09,2023-10-04
UCMR5,OR4100557,"NEWBERG, CITY OF",58,1,2,2,29,0,0,2024-03-12,2024-09-03
UCMR5,OR4100566,"NEWPORT, CITY OF",116,1,4,4,29,0,0,2023-05-23,2024-02-13
UCMR5,OR4100587,"ONTARIO, CITY OF",116,1,4,4,29,0,0,2024-05-06,2025-02-11
UCMR5,OR4100594,CLACKAMAS RIVER WATER - CLAIRMONT,116,1,8,4,29,0,0,2024-02-14,2024-11-13
UCMR5,OR4100613,"PENDLETON, CITY OF",232,1,15,8,29,1,1,2024-05-28,2025-02-25
UCMR5,OR4100624,PHILOMATH PUBLIC WORKS,232,1,10,10,29,0,0,2023-02-21,2023-11-20
UCMR5,OR4100625,"PHOENIX, CITY OF",116,1,4,4,29,0,0,2025-01-13,2025-10-14
UCMR5,OR4100635,SUNRISE WATER AUTHORITY,464,1,16,16,29,2,1,2024-12-11,2025-09-23
UCMR5,OR4100657,PORTLAND WATER BUREAU,174,1,6,6,29,0,0,2024-02-12,2024-11-12
UCMR5,OR4100660,WEST SLOPE WATER DISTRICT,116,1,4,4,29,0,0,2023-10-10,2024-07-08
UCMR5,OR4100665,TUALATIN VALLEY WATER DISTRICT,290,1,17,14,29,0,0,2023-07-26,2024-05-07
UCMR5,OR4100667,RALEIGH WATER DISTRICT,116,1,4,4,29,0,0,2025-01-21,2025-10-14
UCMR5,OR4100668,ROCKWOOD PUD,116,1,5,4,29,0,0,2024-10-02,2025-07-01
UCMR5,OR4100682,"PRINEVILLE, CITY OF",290,1,11,11,29,0,0,2023-04-11,2023-10-04
UCMR5,OR4100693,REDMOND WATER DEPARTMENT,464,1,32,16,29,0,0,2023-03-27,2023-09-11
UCMR5,OR4100699,"REEDSPORT, CITY OF",116,1,5,5,29,0,0,2024-02-28,2024-11-20
UCMR5,OR4100717,Green Area Water & Sanitary Authority,116,1,4,4,29,0,0,2024-01-22,2024-10-23
UCMR5,OR4100719,UMPQUA BASIN WATER ASSOC,116,1,5,5,29,0,0,2024-02-20,2024-11-19
UCMR5,OR4100720,"ROSEBURG, CITY OF",116,1,4,4,29,0,0,2024-09-16,2025-08-11
UCMR5,OR4100724,"ST HELENS, CITY OF",116,1,4,4,29,3,1,2024-11-07,2025-08-19
UCMR5,OR4100731,SALEM PUBLIC WORKS,174,1,8,8,29,0,0,2023-01-30,2024-05-20
UCMR5,OR4100744,"KEIZER, CITY OF",505,1,37,22,29,3,1,2024-06-18,2025-03-18
UCMR5,OR4100768,SUBURBAN EAST SALEM WD,232,1,10,10,29,0,0,2023-02-15,2023-11-07
UCMR5,OR4100789,"SANDY, CITY OF",290,1,10,10,29,0,0,2024-06-24,2025-03-12
UCMR5,OR4100792,"SCAPPOOSE, CITY OF",174,1,7,7,29,0,0,2023-02-22,2023-11-20
UCMR5,OR4100798,SEAL ROCK WATER DISTRICT,116,1,5,5,29,0,0,2025-02-11,2025-11-18
UCMR5,OR4100799,SEASIDE WATER DEPARTMENT,116,1,4,4,29,0,0,2025-02-10,2025-11-06
UCMR5,OR4100811,"SHERIDAN OR, CITY OF",174,1,6,6,29,0,0,2024-04-17,2025-09-15
UCMR5,OR4100816,"SHERWOOD, CITY OF",116,1,5,4,29,2,1,2024-09-25,2025-06-12
UCMR5,OR4100823,"SILVERTON, CITY OF",116,1,4,4,29,0,0,2023-03-23,2024-08-15
UCMR5,OR4100837,SPRINGFIELD UTILITY BOARD,406,1,14,14,29,9,1,2025-01-16,2025-10-27
UCMR5,OR4100839,RAINBOW WATER DISTRICT,290,1,10,10,29,7,1,2025-01-13,2025-10-15
UCMR5,OR4100843,STAYTON WATER SUPPLY,116,1,5,5,29,0,0,2025-03-11,2025-12-08
UCMR5,OR4100846,SUNRIVER WATER LLC/SUNRIVER UTILITIES,174,1,6,6,29,0,0,2023-02-20,2023-08-21
UCMR5,OR4100847,"SUTHERLIN, CITY OF",232,1,10,9,29,0,0,2025-01-14,2025-12-03
UCMR5,OR4100851,"SWEET HOME, CITY OF",116,1,4,4,29,0,0,2024-03-12,2025-01-15
UCMR5,OR4100857,"TALENT, CITY OF",116,1,6,6,29,0,0,2023-03-22,2024-04-09
UCMR5,OR4100862,CROOKED RIVER RANCH WTR CO,58,1,2,2,29,0,0,2025-02-11,2025-08-12
UCMR5,OR4100867,CHENOWITH PUD,232,1,8,8,29,0,0,2024-04-22,2024-10-23
UCMR5,OR4100869,"THE DALLES, CITY OF",348,1,13,13,29,0,0,2023-07-12,2026-06-08
UCMR5,OR4100878,"TIGARD, CITY OF",406,1,14,14,29,0,0,2024-04-08,2025-10-06
UCMR5,OR4100893,"TILLAMOOK WATER DEPT, CITY OF",232,1,8,8,29,0,0,2025-03-10,2025-12-08
UCMR5,OR4100899,TOLEDO WATER UTILITIES,116,1,5,5,29,0,0,2023-01-10,2023-10-04
UCMR5,OR4100901,"TROUTDALE, CITY OF",232,1,8,8,29,0,0,2023-10-24,2024-04-09
UCMR5,OR4100904,"WOOD VILLAGE, CITY OF",174,1,7,7,29,0,0,2024-01-24,2024-09-23
UCMR5,OR4100906,"TUALATIN, CITY OF",170,1,11,7,29,0,0,2024-01-22,2024-10-07
UCMR5,OR4100914,"UMATILLA, CITY OF",174,1,7,7,29,0,0,2023-01-09,2023-07-17
UCMR5,OR4100920,"VENETA, CITY OF",116,1,4,4,29,0,0,2025-01-15,2025-10-14
UCMR5,OR4100932,"WARRENTON, CITY OF",116,1,5,5,29,0,0,2023-03-21,2024-01-30
UCMR5,OR4100944,"WEST LINN, CITY OF",116,1,8,4,29,0,0,2023-08-17,2024-05-21
UCMR5,OR4100954,"WILSONVILLE, CITY OF",116,1,4,4,29,0,0,2024-12-02,2025-09-03
UCMR5,OR4100957,WINSTON-DILLARD WATER DISTRICT,232,1,8,8,29,0,0,2023-02-21,2023-11-21
UCMR5,OR4100959,"WOODBURN, CITY OF",174,1,8,8,29,0,0,2025-01-21,2025-07-07
UCMR5,OR4101322,PLEASANT VIEW WATER CO,116,1,4,4,29,0,0,2025-04-23,2025-12-22
UCMR5,OR4101511,"OREGON CITY, OR",116,1,8,4,29,0,0,2024-01-02,2024-10-09
UCMR5,OR4101512,OAK LODGE WATER SERVICES,116,1,5,5,29,0,0,2023-07-10,2024-04-01
UCMR5,OR4101513,"HILLSBORO, CITY OF",116,1,7,5,29,0,0,2023-07-12,2024-04-02
UCMR5,OR4190586,BETHANY ELEMENTARY SCHOOL,58,1,2,2,29,0,0,2025-03-10,2025-09-15
UCMR5,OR4191508,RUCH ELEMENTARY SD 549,58,1,2,2,29,16,1,2024-06-17,2024-12-16
UCMR5,OR4193997,OREGON INSTITUTE OF TECHNOLOGY,522,1,22,22,29,0,0,2023-06-20,2024-01-31
UCMR5,OR4194718,CHEMICAL WASTE MGT OF NW INC,58,1,3,3,29,0,0,2025-04-02,2025-10-01
