"tract_geoid","state_fips","compound","average_concentration","observation_count","station_count"
"06073018700","06","PFOA","24","2","2"
"06073018700","06","REPORTED_PFAS_LEVEL","24","2","2"
"06071980200","06","PFOA","5210","2","2"
"06071980200","06","PFOS","1690","2","2"
"06071980200","06","TOTAL_PFAS","17090","2","2"
"06071980200","06","REPORTED_PFAS_LEVEL","17090","2","2"
"06047001501","06","TOTAL_PFAS","1","2","2"
"06047001501","06","REPORTED_PFAS_LEVEL","1","2","2"
"06053011400","06","PFOS","120","2","4"
"06053011400","06","TOTAL_PFAS","2","2","4"
"06053011400","06","REPORTED_PFAS_LEVEL","61","4","4"
"06071012002","06","REPORTED_PFAS_LEVEL","138","2","2"
"06095253300","06","REPORTED_PFAS_LEVEL","260","2","2"
"06071010402","06","REPORTED_PFAS_LEVEL","440","2","2"
"06059052439","06","TOTAL_PFAS","102","2","2"
"06059052439","06","REPORTED_PFAS_LEVEL","3826","2","2"
"06065046700","06","REPORTED_PFAS_LEVEL","9666","2","2"
"06075017903","06","REPORTED_PFAS_LEVEL","10750","2","2"
"06115040902","06","PFOA","3100","2","2"
"06115040902","06","PFOS","7100","2","2"
"06115040902","06","TOTAL_PFAS","12600","2","2"
"06115040902","06","REPORTED_PFAS_LEVEL","12600","2","2"
"06001428700","06","REPORTED_PFAS_LEVEL","336000","2","2"
"06037980028","06","PFOA","10636.6666666667","6","6"
"06037980028","06","PFOS","1876.66666666667","6","6"
"06037980028","06","TOTAL_PFAS","67391","4","6"
"06037980028","06","REPORTED_PFAS_LEVEL","45370.6666666667","6","6"
"06073011300","06","PFOA","1989","2","2"
"06073011300","06","PFOS","122","2","2"
"06073011300","06","REPORTED_PFAS_LEVEL","1989","2","2"
"06073009400","06","PFOA","793.333333333333","6","6"
"06073009400","06","PFOS","54.6666666666667","6","6"
"06073009400","06","TOTAL_PFAS","4734.66666666667","6","6"
"06073009400","06","REPORTED_PFAS_LEVEL","4734.66666666667","6","6"
"06037123301","06","TOTAL_PFAS","3548","2","2"
"06037123301","06","REPORTED_PFAS_LEVEL","3548","2","2"
"06029005700","06","PFOA","17000","2","2"
"06029005700","06","PFOS","260000","2","2"
"06029005700","06","TOTAL_PFAS","300000","2","2"
"06029005700","06","REPORTED_PFAS_LEVEL","300000","2","2"
"06095980000","06","PFOA","140000","2","2"
"06095980000","06","PFOS","780000","2","2"
"06095980000","06","TOTAL_PFAS","833700","2","2"
"06095980000","06","REPORTED_PFAS_LEVEL","833700","2","2"
"06067008803","06","PFOA","11","2","4"
"06067008803","06","PFOS","8","2","4"
"06067008803","06","TOTAL_PFAS","41","2","4"
"06067008803","06","REPORTED_PFAS_LEVEL","455020.5","4","4"
"06047000503","06","PFOA","42300","2","2"
"06047000503","06","PFOS","2330000","2","2"
"06047000503","06","TOTAL_PFAS","2598770","2","2"
"06047000503","06","REPORTED_PFAS_LEVEL","2598770","2","2"
"06077005119","06","TOTAL_PFAS","44","2","2"
"06077005119","06","REPORTED_PFAS_LEVEL","44","2","2"
"06077005502","06","PFOA","3","2","2"
"06077005502","06","TOTAL_PFAS","46","2","2"
"06077005502","06","REPORTED_PFAS_LEVEL","46","2","2"
"06037267600","06","PFOA","19","2","2"
"06037267600","06","PFOS","2","2","2"
"06037267600","06","TOTAL_PFAS","66","2","2"
"06037267600","06","REPORTED_PFAS_LEVEL","66","2","2"
"06065043822","06","TOTAL_PFAS","82","2","2"
"06065043822","06","REPORTED_PFAS_LEVEL","82","2","2"
"06095250801","06","PFOA","124","2","2"
"06095250801","06","PFOS","78","2","2"
"06095250801","06","REPORTED_PFAS_LEVEL","124","2","2"
"06059075518","06","REPORTED_PFAS_LEVEL","770000","2","2"
"06111004305","06","REPORTED_PFAS_LEVEL","1080000","2","2"
"06029005300","06","REPORTED_PFAS_LEVEL","8000000","2","2"
"06001450102","06","TOTAL_PFAS","19","2","2"
"06001450102","06","REPORTED_PFAS_LEVEL","19","2","2"
"06071980100","06","PFOA","22","2","2"
"06071980100","06","PFOS","19","2","2"
"06071980100","06","REPORTED_PFAS_LEVEL","22","2","2"
"06037187102","06","PFOA","13.5","4","4"
"06037187102","06","PFOS","11","4","4"
"06037187102","06","TOTAL_PFAS","36","2","4"
"06037187102","06","REPORTED_PFAS_LEVEL","29.5","4","4"
"06059074403","06","PFOA","61","2","2"
"06059074403","06","PFOS","3","2","2"
"06059074403","06","TOTAL_PFAS","66","2","2"
"06059074403","06","REPORTED_PFAS_LEVEL","66","2","2"
"06071002709","06","PFOS","78","2","2"
"06071002709","06","TOTAL_PFAS","78","2","2"
"06071002709","06","REPORTED_PFAS_LEVEL","78","2","2"
"06035040600","06","PFOA","33","2","2"
"06035040600","06","TOTAL_PFAS","221","2","2"
"06035040600","06","REPORTED_PFAS_LEVEL","221","2","2"
"06067007301","06","REPORTED_PFAS_LEVEL","348","2","2"
"06059021832","06","TOTAL_PFAS","360","2","2"
"06059021832","06","REPORTED_PFAS_LEVEL","360","2","2"
"06059052430","06","TOTAL_PFAS","420","2","2"
"06059052430","06","REPORTED_PFAS_LEVEL","420","2","2"
"06065042007","06","PFOA","610","2","2"
"06065042007","06","PFOS","40","2","2"
"06065042007","06","TOTAL_PFAS","1449","2","2"
"06065042007","06","REPORTED_PFAS_LEVEL","1449","2","2"
"06037207400","06","PFOA","4","2","2"
"06037207400","06","TOTAL_PFAS","8","2","2"
"06037207400","06","REPORTED_PFAS_LEVEL","8","2","2"
"06019003104","06","PFOA","170","2","2"
"06019003104","06","TOTAL_PFAS","6470","2","2"
"06019003104","06","REPORTED_PFAS_LEVEL","6470","2","2"
"06083980200","06","PFOA","8200","2","2"
"06083980200","06","PFOS","150000","2","2"
"06083980200","06","TOTAL_PFAS","159300","2","2"
"06083980200","06","REPORTED_PFAS_LEVEL","159300","2","2"
"06065042401","06","PFOA","25","2","2"
"06065042401","06","TOTAL_PFAS","142","2","2"
"06065042401","06","REPORTED_PFAS_LEVEL","142","2","2"
"06059110015","06","PFOA","118","2","2"
"06059110015","06","PFOS","282","2","2"
"06059110015","06","TOTAL_PFAS","982","2","2"
"06059110015","06","REPORTED_PFAS_LEVEL","982","2","2"
"06027000200","06","TOTAL_PFAS","1","2","2"
"06027000200","06","REPORTED_PFAS_LEVEL","1","2","2"
"06025010500","06","TOTAL_PFAS","1","2","2"
"06025010500","06","REPORTED_PFAS_LEVEL","1","2","2"
"06025012400","06","PFOA","3","2","8"
"06025012400","06","PFOS","1","2","8"
"06025012400","06","TOTAL_PFAS","7.25","8","8"
"06025012400","06","REPORTED_PFAS_LEVEL","7.25","8","8"
"06071010300","06","PFOA","2","2","2"
"06071010300","06","TOTAL_PFAS","2","2","2"
"06071010300","06","REPORTED_PFAS_LEVEL","2","2","2"
"06081607400","06","TOTAL_PFAS","2","2","2"
"06081607400","06","REPORTED_PFAS_LEVEL","2","2","2"
"06071010700","06","PFOS","1","2","2"
"06071010700","06","TOTAL_PFAS","3","2","2"
"06071010700","06","REPORTED_PFAS_LEVEL","3","2","2"
"06059042205","06","PFOA","1","2","2"
"06059042205","06","PFOS","1","2","2"
"06059042205","06","TOTAL_PFAS","4","2","2"
"06059042205","06","REPORTED_PFAS_LEVEL","4","2","2"
"06025012301","06","PFOS","1.5","4","4"
"06025012301","06","TOTAL_PFAS","11","4","4"
"06025012301","06","REPORTED_PFAS_LEVEL","11","4","4"
"06041101100","06","TOTAL_PFAS","4","2","2"
"06041101100","06","REPORTED_PFAS_LEVEL","4","2","2"
"06081601000","06","PFOA","2","2","2"
"06081601000","06","PFOS","2","2","2"
"06081601000","06","TOTAL_PFAS","8","2","2"
"06081601000","06","REPORTED_PFAS_LEVEL","8","2","2"
"06065046900","06","PFOA","1","4","4"
"06065046900","06","TOTAL_PFAS","12.5","4","4"
"06065046900","06","REPORTED_PFAS_LEVEL","12.5","4","4"
"06025011901","06","PFOA","2","2","2"
"06025011901","06","TOTAL_PFAS","9","2","2"
"06025011901","06","REPORTED_PFAS_LEVEL","9","2","2"
"06071010024","06","PFOA","1","2","2"
"06071010024","06","PFOS","1","2","2"
"06071010024","06","TOTAL_PFAS","10","2","2"
"06071010024","06","REPORTED_PFAS_LEVEL","10","2","2"
"06039000203","06","PFOA","1","2","2"
"06039000203","06","TOTAL_PFAS","10","2","2"
"06039000203","06","REPORTED_PFAS_LEVEL","10","2","2"
"06029006004","06","TOTAL_PFAS","10","2","2"
"06029006004","06","REPORTED_PFAS_LEVEL","10","2","2"
"06053014800","06","PFOA","2","2","2"
"06053014800","06","PFOS","1","2","2"
"06053014800","06","TOTAL_PFAS","11","2","2"
"06053014800","06","REPORTED_PFAS_LEVEL","11","2","2"
"06031001200","06","PFOA","1","2","2"
"06031001200","06","TOTAL_PFAS","11","2","2"
"06031001200","06","REPORTED_PFAS_LEVEL","11","2","2"
"06063000100","06","PFOA","5","2","2"
"06063000100","06","PFOS","2","2","2"
"06063000100","06","TOTAL_PFAS","16","2","2"
"06063000100","06","REPORTED_PFAS_LEVEL","16","2","2"
"06025010101","06","PFOS","1","2","2"
"06025010101","06","TOTAL_PFAS","16","2","2"
"06025010101","06","REPORTED_PFAS_LEVEL","16","2","2"
"06037551102","06","PFOA","2","2","2"
"06037551102","06","PFOS","16","2","2"
"06037551102","06","REPORTED_PFAS_LEVEL","17","2","2"
"06029005600","06","PFOA","1","2","2"
"06029005600","06","TOTAL_PFAS","22","2","2"
"06029005600","06","REPORTED_PFAS_LEVEL","22","2","2"
"06089012702","06","TOTAL_PFAS","22","2","2"
"06089012702","06","REPORTED_PFAS_LEVEL","22","2","2"
"06107000902","06","TOTAL_PFAS","27","2","2"
"06107000902","06","REPORTED_PFAS_LEVEL","27","2","2"
"06037402403","06","PFOA","1","2","2"
"06037402403","06","TOTAL_PFAS","29","2","2"
"06037402403","06","REPORTED_PFAS_LEVEL","29","2","2"
"06067009307","06","PFOA","2","2","2"
"06067009307","06","TOTAL_PFAS","29","2","2"
"06067009307","06","REPORTED_PFAS_LEVEL","29","2","2"
"06073017403","06","TOTAL_PFAS","31","2","2"
"06073017403","06","REPORTED_PFAS_LEVEL","31","2","2"
"06037404402","06","PFOA","5502","4","4"
"06037404402","06","PFOS","1600001","4","4"
"06037404402","06","TOTAL_PFAS","1871816","4","4"
"06037404402","06","REPORTED_PFAS_LEVEL","1871816","4","4"
"06037408006","06","PFOA","1","2","2"
"06037408006","06","TOTAL_PFAS","33","2","2"
"06037408006","06","REPORTED_PFAS_LEVEL","33","2","2"
"06071009134","06","PFOA","5","2","2"
"06071009134","06","PFOS","2","2","2"
"06071009134","06","TOTAL_PFAS","35","2","2"
"06071009134","06","REPORTED_PFAS_LEVEL","35","2","2"
"06071011900","06","PFOA","4","2","2"
"06071011900","06","PFOS","2","2","2"
"06071011900","06","TOTAL_PFAS","36","2","2"
"06071011900","06","REPORTED_PFAS_LEVEL","36","2","2"
"06071010424","06","PFOA","20","2","2"
"06071010424","06","PFOS","2","2","2"
"06071010424","06","TOTAL_PFAS","39","2","2"
"06071010424","06","REPORTED_PFAS_LEVEL","39","2","2"
"06071011300","06","PFOA","17","2","2"
"06071011300","06","PFOS","4","2","2"
"06071011300","06","TOTAL_PFAS","46","2","2"
"06071011300","06","REPORTED_PFAS_LEVEL","46","2","2"
"06107002701","06","TOTAL_PFAS","73.5","4","4"
"06107002701","06","REPORTED_PFAS_LEVEL","73.5","4","4"
"06037104204","06","TOTAL_PFAS","52","2","2"
"06037104204","06","REPORTED_PFAS_LEVEL","52","2","2"
"06025011100","06","PFOA","8","2","2"
"06025011100","06","PFOS","13","2","2"
"06025011100","06","TOTAL_PFAS","57","2","2"
"06025011100","06","REPORTED_PFAS_LEVEL","57","2","2"
"06075980600","06","PFOA","21","2","2"
"06075980600","06","PFOS","38","2","2"
"06075980600","06","TOTAL_PFAS","59","2","2"
"06075980600","06","REPORTED_PFAS_LEVEL","59","2","2"
"06073019209","06","PFOA","15","2","2"
"06073019209","06","PFOS","4","2","2"
"06073019209","06","TOTAL_PFAS","63","2","2"
"06073019209","06","REPORTED_PFAS_LEVEL","63","2","2"
"06073019105","06","PFOA","11","2","2"
"06073019105","06","PFOS","5","2","2"
"06073019105","06","TOTAL_PFAS","65","2","2"
"06073019105","06","REPORTED_PFAS_LEVEL","65","2","2"
"06089012303","06","PFOA","4","2","2"
"06089012303","06","TOTAL_PFAS","65","2","2"
"06089012303","06","REPORTED_PFAS_LEVEL","65","2","2"
"06055201005","06","PFOA","3","2","2"
"06055201005","06","TOTAL_PFAS","66","2","2"
"06055201005","06","REPORTED_PFAS_LEVEL","66","2","2"
"06059042203","06","PFOA","5","2","2"
"06059042203","06","PFOS","9","2","2"
"06059042203","06","TOTAL_PFAS","68","2","2"
"06059042203","06","REPORTED_PFAS_LEVEL","68","2","2"
"06037901300","06","PFOA","7","2","2"
"06037901300","06","PFOS","15","2","2"
"06037901300","06","TOTAL_PFAS","69","2","2"
"06037901300","06","REPORTED_PFAS_LEVEL","69","2","2"
"06037920106","06","PFOA","1","2","2"
"06037920106","06","TOTAL_PFAS","70","2","2"
"06037920106","06","REPORTED_PFAS_LEVEL","70","2","2"
"06029006500","06","PFOA","1","2","2"
"06029006500","06","TOTAL_PFAS","76","2","2"
"06029006500","06","REPORTED_PFAS_LEVEL","76","2","2"
"06037910401","06","PFOA","8","2","2"
"06037910401","06","PFOS","5","2","2"
"06037910401","06","TOTAL_PFAS","77","2","2"
"06037910401","06","REPORTED_PFAS_LEVEL","77","2","2"
"06071010435","06","PFOA","16","2","2"
"06071010435","06","PFOS","4","2","2"
"06071010435","06","TOTAL_PFAS","82","2","2"
"06071010435","06","REPORTED_PFAS_LEVEL","82","2","2"
"06029000914","06","TOTAL_PFAS","87","2","2"
"06029000914","06","REPORTED_PFAS_LEVEL","87","2","2"
"06001450742","06","PFOA","37","2","2"
"06001450742","06","PFOS","12","2","2"
"06001450742","06","TOTAL_PFAS","101","2","2"
"06001450742","06","REPORTED_PFAS_LEVEL","101","2","2"
"06073007601","06","PFOA","11","2","2"
"06073007601","06","PFOS","44","2","2"
"06073007601","06","TOTAL_PFAS","107","2","2"
"06073007601","06","REPORTED_PFAS_LEVEL","107","2","2"
"06037980010","06","PFOA","3","2","2"
"06037980010","06","TOTAL_PFAS","115","2","2"
"06037980010","06","REPORTED_PFAS_LEVEL","115","2","2"
"06073003213","06","PFOA","8","2","2"
"06073003213","06","PFOS","10","2","2"
"06073003213","06","TOTAL_PFAS","125","2","2"
"06073003213","06","REPORTED_PFAS_LEVEL","125","2","2"
"06037121900","06","PFOA","5","2","2"
"06037121900","06","PFOS","17","2","2"
"06037121900","06","TOTAL_PFAS","125","2","2"
"06037121900","06","REPORTED_PFAS_LEVEL","125","2","2"
"06065941200","06","PFOA","593","2","2"
"06065941200","06","TOTAL_PFAS","26679","2","2"
"06065941200","06","REPORTED_PFAS_LEVEL","26679","2","2"
"06067009201","06","PFOA","150","2","2"
"06067009201","06","PFOS","240","2","2"
"06067009201","06","TOTAL_PFAS","497","2","2"
"06067009201","06","REPORTED_PFAS_LEVEL","497","2","2"
"06085509108","06","PFOA","20","2","2"
"06085509108","06","PFOS","40000","2","2"
"06085509108","06","TOTAL_PFAS","40000","2","2"
"06085509108","06","REPORTED_PFAS_LEVEL","40000","2","2"
"06085504700","06","PFOA","120000","2","2"
"06085504700","06","PFOS","1900000","2","2"
"06085504700","06","REPORTED_PFAS_LEVEL","2020000","2","2"
"06067005301","06","PFOA","72","4","4"
"06067005301","06","PFOS","63.5","4","4"
"06067005301","06","TOTAL_PFAS","366.5","4","4"
"06067005301","06","REPORTED_PFAS_LEVEL","366.5","4","4"
"06045010700","06","PFOA","38","2","2"
"06045010700","06","TOTAL_PFAS","127","2","2"
"06045010700","06","REPORTED_PFAS_LEVEL","127","2","2"
"06073013308","06","PFOA","2","2","2"
"06073013308","06","PFOS","18","2","2"
"06073013308","06","TOTAL_PFAS","128","2","2"
"06073013308","06","REPORTED_PFAS_LEVEL","128","2","2"
"06111002905","06","PFOA","262.5","4","4"
"06111002905","06","PFOS","15","4","4"
"06111002905","06","TOTAL_PFAS","18675","4","4"
"06111002905","06","REPORTED_PFAS_LEVEL","18675","4","4"
"06111002901","06","PFOA","21","2","2"
"06111002901","06","PFOS","25","2","2"
"06111002901","06","TOTAL_PFAS","132","2","2"
"06111002901","06","REPORTED_PFAS_LEVEL","132","2","2"
"06097152702","06","PFOA","370","4","4"
"06097152702","06","PFOS","400","2","4"
"06097152702","06","TOTAL_PFAS","38720","4","4"
"06097152702","06","REPORTED_PFAS_LEVEL","38720","4","4"
"06073021202","06","PFOA","52","2","2"
"06073021202","06","PFOS","2","2","2"
"06073021202","06","TOTAL_PFAS","137","2","2"
"06073021202","06","REPORTED_PFAS_LEVEL","137","2","2"
"06073011602","06","PFOA","22","2","2"
"06073011602","06","PFOS","35","2","2"
"06073011602","06","TOTAL_PFAS","139","2","2"
"06073011602","06","REPORTED_PFAS_LEVEL","139","2","2"
"06073018509","06","PFOA","22","2","2"
"06073018509","06","PFOS","44","2","2"
"06073018509","06","TOTAL_PFAS","143","2","2"
"06073018509","06","REPORTED_PFAS_LEVEL","143","2","2"
"06067005205","06","PFOA","3","2","2"
"06067005205","06","PFOS","16","2","2"
"06067005205","06","TOTAL_PFAS","144","2","2"
"06067005205","06","REPORTED_PFAS_LEVEL","144","2","2"
"06085504602","06","PFOA","229.666666666667","6","6"
"06085504602","06","PFOS","33.5","4","6"
"06085504602","06","TOTAL_PFAS","2448.33333333333","6","6"
"06085504602","06","REPORTED_PFAS_LEVEL","2448.33333333333","6","6"
"06073017010","06","PFOA","20","2","2"
"06073017010","06","PFOS","13","2","2"
"06073017010","06","TOTAL_PFAS","155","2","2"
"06073017010","06","REPORTED_PFAS_LEVEL","155","2","2"
"06083003102","06","PFOA","39","2","2"
"06083003102","06","TOTAL_PFAS","159","2","2"
"06083003102","06","REPORTED_PFAS_LEVEL","159","2","2"
"06063000300","06","PFOA","66","2","2"
"06063000300","06","TOTAL_PFAS","159","2","2"
"06063000300","06","REPORTED_PFAS_LEVEL","159","2","2"
"06107003401","06","PFOA","39","2","2"
"06107003401","06","PFOS","31","2","2"
"06107003401","06","TOTAL_PFAS","162","2","2"
"06107003401","06","REPORTED_PFAS_LEVEL","162","2","2"
"06037980004","06","PFOA","10","2","2"
"06037980004","06","PFOS","8","2","2"
"06037980004","06","TOTAL_PFAS","165","2","2"
"06037980004","06","REPORTED_PFAS_LEVEL","165","2","2"
"06079013100","06","PFOA","14","2","2"
"06079013100","06","TOTAL_PFAS","167","2","2"
"06079013100","06","REPORTED_PFAS_LEVEL","167","2","2"
"06035040200","06","PFOA","63","2","2"
"06035040200","06","TOTAL_PFAS","173","2","2"
"06035040200","06","REPORTED_PFAS_LEVEL","173","2","2"
"06037121102","06","PFOA","12","2","2"
"06037121102","06","PFOS","8","2","2"
"06037121102","06","TOTAL_PFAS","189","2","2"
"06037121102","06","REPORTED_PFAS_LEVEL","189","2","2"
"06073005602","06","PFOA","23","2","2"
"06073005602","06","PFOS","15","2","2"
"06073005602","06","TOTAL_PFAS","191","2","2"
"06073005602","06","REPORTED_PFAS_LEVEL","191","2","2"
"06073003201","06","PFOA","16","2","2"
"06073003201","06","PFOS","53","2","2"
"06073003201","06","TOTAL_PFAS","195","2","2"
"06073003201","06","REPORTED_PFAS_LEVEL","195","2","2"
"06073016201","06","PFOA","15","2","2"
"06073016201","06","PFOS","7","2","2"
"06073016201","06","TOTAL_PFAS","224","2","2"
"06073016201","06","REPORTED_PFAS_LEVEL","224","2","2"
"06073002712","06","PFOA","18","2","2"
"06073002712","06","TOTAL_PFAS","243","2","2"
"06073002712","06","REPORTED_PFAS_LEVEL","243","2","2"
"06037408402","06","PFOA","25","2","2"
"06037408402","06","PFOS","12","2","2"
"06037408402","06","TOTAL_PFAS","245","2","2"
"06037408402","06","REPORTED_PFAS_LEVEL","245","2","2"
"06097150612","06","PFOA","260","2","2"
"06097150612","06","PFOS","17","2","2"
"06097150612","06","TOTAL_PFAS","0","2","2"
"06097150612","06","REPORTED_PFAS_LEVEL","260","2","2"
"06021010300","06","PFOA","120","2","2"
"06021010300","06","TOTAL_PFAS","267","2","2"
"06021010300","06","REPORTED_PFAS_LEVEL","267","2","2"
"06067009900","06","PFOA","66","2","2"
"06067009900","06","PFOS","13","2","2"
"06067009900","06","TOTAL_PFAS","280","2","2"
"06067009900","06","REPORTED_PFAS_LEVEL","280","2","2"
"06071012105","06","PFOA","190","2","2"
"06071012105","06","PFOS","8","2","2"
"06071012105","06","TOTAL_PFAS","282","2","2"
"06071012105","06","REPORTED_PFAS_LEVEL","282","2","2"
"06037920326","06","PFOA","21","2","2"
"06037920326","06","PFOS","9","2","2"
"06037920326","06","TOTAL_PFAS","314","2","2"
"06037920326","06","REPORTED_PFAS_LEVEL","314","2","2"
"06063000502","06","PFOA","130","2","2"
"06063000502","06","PFOS","12","2","2"
"06063000502","06","TOTAL_PFAS","347","2","2"
"06063000502","06","REPORTED_PFAS_LEVEL","347","2","2"
"06083002211","06","PFOA","10","2","2"
"06083002211","06","TOTAL_PFAS","384","2","2"
"06083002211","06","REPORTED_PFAS_LEVEL","384","2","2"
"06083002011","06","PFOA","169","2","2"
"06083002011","06","PFOS","2920","2","2"
"06083002011","06","TOTAL_PFAS","39535","2","2"
"06083002011","06","REPORTED_PFAS_LEVEL","39535","2","2"
"06077005131","06","PFOA","7000","2","2"
"06077005131","06","PFOS","440","2","2"
"06077005131","06","TOTAL_PFAS","55100","2","2"
"06077005131","06","REPORTED_PFAS_LEVEL","55100","2","2"
"06037980018","06","PFOA","7890","2","2"
"06037980018","06","PFOS","21600","2","2"
"06037980018","06","TOTAL_PFAS","174635","2","2"
"06037980018","06","REPORTED_PFAS_LEVEL","174635","2","2"
"06083980000","06","PFOA","79000","2","2"
"06083980000","06","PFOS","383000","2","2"
"06083980000","06","TOTAL_PFAS","8770829","2","2"
"06083980000","06","REPORTED_PFAS_LEVEL","8770829","2","2"
"06059099502","06","PFOA","3","2","2"
"06059099502","06","PFOS","5","2","2"
"06059099502","06","REPORTED_PFAS_LEVEL","5","2","2"
"06037301601","06","PFOA","3","2","2"
"06037301601","06","PFOS","3","2","2"
"06037301601","06","REPORTED_PFAS_LEVEL","6","2","2"
"06073017112","06","PFOA","7600","2","2"
"06073017112","06","PFOS","3300","2","2"
"06073017112","06","TOTAL_PFAS","37950","2","2"
"06073017112","06","REPORTED_PFAS_LEVEL","37950","2","2"
"06013327001","06","PFOA","3920","2","2"
"06013327001","06","TOTAL_PFAS","91100","2","2"
"06013327001","06","REPORTED_PFAS_LEVEL","91100","2","2"
"06059062610","06","PFOA","13800","2","2"
"06059062610","06","PFOS","1830","2","2"
"06059062610","06","TOTAL_PFAS","145121","2","2"
"06059062610","06","REPORTED_PFAS_LEVEL","145121","2","2"
"06013358000","06","PFOA","2800","2","2"
"06013358000","06","PFOS","48000","2","2"
"06013358000","06","TOTAL_PFAS","229440","2","2"
"06013358000","06","REPORTED_PFAS_LEVEL","229440","2","2"
"06001409000","06","PFOA","4100","2","2"
"06001409000","06","PFOS","170000","2","2"
"06001409000","06","TOTAL_PFAS","283685","2","2"
"06001409000","06","REPORTED_PFAS_LEVEL","283685","2","2"
"06067007101","06","PFOA","9200","2","2"
"06067007101","06","PFOS","72000","2","2"
"06067007101","06","TOTAL_PFAS","320400","2","2"
"06067007101","06","REPORTED_PFAS_LEVEL","320400","2","2"
"06067001601","06","PFOA","9200","2","2"
"06067001601","06","PFOS","72000","2","2"
"06067001601","06","TOTAL_PFAS","320400","2","2"
"06067001601","06","REPORTED_PFAS_LEVEL","320400","2","2"
"06073006200","06","PFOA","59700","2","2"
"06073006200","06","PFOS","5960","2","2"
"06073006200","06","TOTAL_PFAS","426304","2","2"
"06073006200","06","REPORTED_PFAS_LEVEL","426304","2","2"
"06037980001","06","PFOA","17000","2","2"
"06037980001","06","TOTAL_PFAS","669800","2","2"
"06037980001","06","REPORTED_PFAS_LEVEL","669800","2","2"
"06065045618","06","PFOA","6300","2","2"
"06065045618","06","PFOS","510000","2","2"
"06065045618","06","TOTAL_PFAS","23058440","2","2"
"06065045618","06","REPORTED_PFAS_LEVEL","23058440","2","2"
"06049000300","06","TOTAL_PFAS","1","2","2"
"06049000300","06","REPORTED_PFAS_LEVEL","1","2","2"
"06049000400","06","PFOA","72","2","4"
"06049000400","06","PFOS","6","2","4"
"06049000400","06","TOTAL_PFAS","151.5","4","4"
"06049000400","06","REPORTED_PFAS_LEVEL","151.5","4","4"
"06051000101","06","PFOA","27","2","4"
"06051000101","06","PFOS","16","2","4"
"06051000101","06","TOTAL_PFAS","1177","4","4"
"06051000101","06","REPORTED_PFAS_LEVEL","1177","4","4"
"06077004704","06","TOTAL_PFAS","7","4","4"
"06077004704","06","REPORTED_PFAS_LEVEL","7","4","4"
"06111004715","06","PFOA","770","2","4"
"06111004715","06","PFOS","12000.5","4","4"
"06111004715","06","TOTAL_PFAS","12532","4","4"
"06111004715","06","REPORTED_PFAS_LEVEL","12532","4","4"
"06019003900","06","TOTAL_PFAS","4","2","2"
"06019003900","06","REPORTED_PFAS_LEVEL","4","2","2"
"06111000304","06","PFOS","8","2","2"
"06111000304","06","TOTAL_PFAS","11","2","2"
"06111000304","06","REPORTED_PFAS_LEVEL","11","2","2"
"06037980013","06","PFOA","4","2","2"
"06037980013","06","PFOS","8","2","2"
"06037980013","06","TOTAL_PFAS","12","2","2"
"06037980013","06","REPORTED_PFAS_LEVEL","12","2","2"
"06093001003","06","PFOA","2","2","2"
"06093001003","06","TOTAL_PFAS","14","2","2"
"06093001003","06","REPORTED_PFAS_LEVEL","14","2","2"
"06079010303","06","TOTAL_PFAS","15","2","2"
"06079010303","06","REPORTED_PFAS_LEVEL","15","2","2"
"06051000102","06","PFOA","3.5","4","4"
"06051000102","06","PFOS","1","2","4"
"06051000102","06","TOTAL_PFAS","36","4","4"
"06051000102","06","REPORTED_PFAS_LEVEL","36","4","4"
"06103000400","06","PFOA","2","2","2"
"06103000400","06","TOTAL_PFAS","21","2","2"
"06103000400","06","REPORTED_PFAS_LEVEL","21","2","2"
"06037460401","06","TOTAL_PFAS","32","2","2"
"06037460401","06","REPORTED_PFAS_LEVEL","32","2","2"
"06093001200","06","PFOA","1","2","2"
"06093001200","06","PFOS","4","2","2"
"06093001200","06","TOTAL_PFAS","39","2","2"
"06093001200","06","REPORTED_PFAS_LEVEL","39","2","2"
"06013320001","06","PFOA","5","2","2"
"06013320001","06","TOTAL_PFAS","40","2","2"
"06013320001","06","REPORTED_PFAS_LEVEL","40","2","2"
"06013392201","06","PFOA","5","2","2"
"06013392201","06","PFOS","15","2","2"
"06013392201","06","TOTAL_PFAS","43","2","2"
"06013392201","06","REPORTED_PFAS_LEVEL","43","2","2"
"06037920200","06","PFOA","6","2","2"
"06037920200","06","PFOS","8","2","2"
"06037920200","06","TOTAL_PFAS","48","2","2"
"06037920200","06","REPORTED_PFAS_LEVEL","48","2","2"
"06013313204","06","PFOA","3","2","2"
"06013313204","06","TOTAL_PFAS","67","2","2"
"06013313204","06","REPORTED_PFAS_LEVEL","67","2","2"
"06111008502","06","PFOA","2","2","2"
"06111008502","06","PFOS","1","2","2"
"06111008502","06","TOTAL_PFAS","73","2","2"
"06111008502","06","REPORTED_PFAS_LEVEL","73","2","2"
"06047002100","06","PFOA","20","2","2"
"06047002100","06","TOTAL_PFAS","91","2","2"
"06047002100","06","REPORTED_PFAS_LEVEL","91","2","2"
"06085513500","06","PFOA","5","2","2"
"06085513500","06","PFOS","5","2","2"
"06085513500","06","TOTAL_PFAS","99","2","2"
"06085513500","06","REPORTED_PFAS_LEVEL","99","2","2"
"06047002500","06","PFOA","5","2","2"
"06047002500","06","TOTAL_PFAS","114","2","2"
"06047002500","06","REPORTED_PFAS_LEVEL","114","2","2"
"06037650401","06","PFOA","2","2","2"
"06037650401","06","TOTAL_PFAS","148","2","2"
"06037650401","06","REPORTED_PFAS_LEVEL","148","2","2"
"06025011001","06","PFOA","36","4","4"
"06025011001","06","PFOS","2","4","4"
"06025011001","06","TOTAL_PFAS","162","4","4"
"06025011001","06","REPORTED_PFAS_LEVEL","162","4","4"
"06059086402","06","PFOA","32","2","2"
"06059086402","06","PFOS","72","2","2"
"06059086402","06","TOTAL_PFAS","169","2","2"
"06059086402","06","REPORTED_PFAS_LEVEL","169","2","2"
"06061022014","06","PFOA","44","2","2"
"06061022014","06","PFOS","3","2","2"
"06061022014","06","TOTAL_PFAS","241","2","2"
"06061022014","06","REPORTED_PFAS_LEVEL","241","2","2"
"06067001900","06","PFOA","9","2","2"
"06067001900","06","PFOS","2","2","2"
"06067001900","06","TOTAL_PFAS","244","2","2"
"06067001900","06","REPORTED_PFAS_LEVEL","244","2","2"
"06055201900","06","PFOA","63","2","2"
"06055201900","06","TOTAL_PFAS","319","2","2"
"06055201900","06","REPORTED_PFAS_LEVEL","319","2","2"
"06087122300","06","PFOA","71.5","4","4"
"06087122300","06","PFOS","19","2","4"
"06087122300","06","TOTAL_PFAS","1381","4","4"
"06087122300","06","REPORTED_PFAS_LEVEL","1381","4","4"
"06097152801","06","PFOA","47","2","2"
"06097152801","06","PFOS","48","2","2"
"06097152801","06","TOTAL_PFAS","418","2","2"
"06097152801","06","REPORTED_PFAS_LEVEL","418","2","2"
"06067008602","06","PFOA","87","2","2"
"06067008602","06","TOTAL_PFAS","441","2","2"
"06067008602","06","REPORTED_PFAS_LEVEL","441","2","2"
"06085511918","06","PFOA","29","2","2"
"06085511918","06","PFOS","2","2","2"
"06085511918","06","TOTAL_PFAS","454","2","2"
"06085511918","06","REPORTED_PFAS_LEVEL","454","2","2"
"06073003209","06","PFOA","190","2","2"
"06073003209","06","TOTAL_PFAS","469","2","2"
"06073003209","06","REPORTED_PFAS_LEVEL","469","2","2"
"06023010400","06","PFOA","17","2","2"
"06023010400","06","TOTAL_PFAS","500","2","2"
"06023010400","06","REPORTED_PFAS_LEVEL","500","2","2"
"06089010500","06","PFOA","190","2","2"
"06089010500","06","PFOS","49","2","2"
"06089010500","06","TOTAL_PFAS","801","2","2"
"06089010500","06","REPORTED_PFAS_LEVEL","801","2","2"
"06069000802","06","PFOA","110","2","2"
"06069000802","06","TOTAL_PFAS","913","2","2"
"06069000802","06","REPORTED_PFAS_LEVEL","913","2","2"
"06079012302","06","TOTAL_PFAS","974","2","2"
"06079012302","06","REPORTED_PFAS_LEVEL","974","2","2"
"06001451104","06","PFOA","295","4","4"
"06001451104","06","PFOS","63.5","4","4"
"06001451104","06","TOTAL_PFAS","1591.5","4","4"
"06001451104","06","REPORTED_PFAS_LEVEL","1591.5","4","4"
"06001437101","06","PFOA","88","2","2"
"06001437101","06","PFOS","32","2","2"
"06001437101","06","TOTAL_PFAS","1343","2","2"
"06001437101","06","REPORTED_PFAS_LEVEL","1343","2","2"
"06095253501","06","PFOA","384","2","2"
"06095253501","06","TOTAL_PFAS","1618","2","2"
"06095253501","06","REPORTED_PFAS_LEVEL","1618","2","2"
"06071001600","06","PFOA","48","2","2"
"06071001600","06","TOTAL_PFAS","1802","2","2"
"06071001600","06","REPORTED_PFAS_LEVEL","1802","2","2"
"06065041415","06","PFOA","200","2","2"
"06065041415","06","PFOS","34","2","2"
"06065041415","06","TOTAL_PFAS","2072","2","2"
"06065041415","06","REPORTED_PFAS_LEVEL","2072","2","2"
"06071012101","06","PFOA","160","2","2"
"06071012101","06","PFOS","3","2","2"
"06071012101","06","TOTAL_PFAS","2761","2","2"
"06071012101","06","REPORTED_PFAS_LEVEL","2761","2","2"
"06013365002","06","PFOA","1600","2","2"
"06013365002","06","PFOS","360","2","2"
"06013365002","06","TOTAL_PFAS","6042","2","2"
"06013365002","06","REPORTED_PFAS_LEVEL","6042","2","2"
"06053014302","06","PFOA","1400","2","2"
"06053014302","06","TOTAL_PFAS","6176","2","2"
"06053014302","06","REPORTED_PFAS_LEVEL","6176","2","2"
"06079011505","06","PFOA","290","2","2"
"06079011505","06","PFOS","610","2","2"
"06079011505","06","TOTAL_PFAS","8232","2","2"
"06079011505","06","REPORTED_PFAS_LEVEL","8232","2","2"
"06089011502","06","PFOA","820","2","2"
"06089011502","06","PFOS","5000","2","2"
"06089011502","06","TOTAL_PFAS","11201","2","2"
"06089011502","06","REPORTED_PFAS_LEVEL","11201","2","2"
"06077004800","06","PFOA","1100","2","2"
"06077004800","06","PFOS","56","2","2"
"06077004800","06","TOTAL_PFAS","12055","2","2"
"06077004800","06","REPORTED_PFAS_LEVEL","12055","2","2"
"06013315000","06","PFOA","2100","2","2"
"06013315000","06","PFOS","11000","2","2"
"06013315000","06","TOTAL_PFAS","14400","2","2"
"06013315000","06","REPORTED_PFAS_LEVEL","14400","2","2"
"06053013300","06","PFOA","12700","2","2"
"06053013300","06","PFOS","133","2","2"
"06053013300","06","TOTAL_PFAS","18204","2","2"
"06053013300","06","REPORTED_PFAS_LEVEL","18204","2","2"
"06037300902","06","PFOA","220","2","2"
"06037300902","06","PFOS","75","2","2"
"06037300902","06","TOTAL_PFAS","4415","2","2"
"06037300902","06","REPORTED_PFAS_LEVEL","4415","2","2"
"06029005509","06","PFOA","7","2","2"
"06029005509","06","TOTAL_PFAS","7352","2","2"
"06029005509","06","REPORTED_PFAS_LEVEL","7352","2","2"
"06007002200","06","PFOA","1100","2","2"
"06007002200","06","PFOS","160","2","2"
"06007002200","06","TOTAL_PFAS","8817","2","2"
"06007002200","06","REPORTED_PFAS_LEVEL","8817","2","2"
"06031001703","06","PFOA","1700","2","2"
"06031001703","06","TOTAL_PFAS","8983","2","2"
"06031001703","06","REPORTED_PFAS_LEVEL","8983","2","2"
"06065044403","06","PFOA","140","2","2"
"06065044403","06","TOTAL_PFAS","10075","2","2"
"06065044403","06","REPORTED_PFAS_LEVEL","10075","2","2"
"06081984300","06","PFOA","226","2","2"
"06081984300","06","PFOS","1370","2","2"
"06081984300","06","TOTAL_PFAS","12070","2","2"
"06081984300","06","REPORTED_PFAS_LEVEL","12070","2","2"
"06073020807","06","PFOA","680","2","2"
"06073020807","06","PFOS","9","2","2"
"06073020807","06","TOTAL_PFAS","16486","2","2"
"06073020807","06","REPORTED_PFAS_LEVEL","16486","2","2"
"06085505100","06","PFOA","585","2","2"
"06085505100","06","PFOS","2190","2","2"
"06085505100","06","TOTAL_PFAS","35053","2","2"
"06085505100","06","REPORTED_PFAS_LEVEL","35053","2","2"
"06037311100","06","PFOA","4","2","2"
"06037311100","06","PFOS","5","2","2"
"06037311100","06","REPORTED_PFAS_LEVEL","9","2","2"
"06001451103","06","PFOA","3","2","2"
"06001451103","06","REPORTED_PFAS_LEVEL","3","2","2"
"06099000405","06","PFOA","18","2","2"
"06099000405","06","PFOS","10","2","2"
"06099000405","06","TOTAL_PFAS","18","2","2"
"06099000405","06","REPORTED_PFAS_LEVEL","18","2","2"
"06065044520","06","PFOA","14","2","2"
"06065044520","06","TOTAL_PFAS","520","2","2"
"06065044520","06","REPORTED_PFAS_LEVEL","520","2","2"
"06053014108","06","PFOA","8","2","2"
"06053014108","06","PFOS","447","2","2"
"06053014108","06","REPORTED_PFAS_LEVEL","560","2","2"
"06081613501","06","PFOA","33","2","2"
"06081613501","06","PFOS","7","2","2"
"06081613501","06","TOTAL_PFAS","593","2","2"
"06081613501","06","REPORTED_PFAS_LEVEL","593","2","2"
"06009000124","06","PFOA","32","2","2"
"06009000124","06","TOTAL_PFAS","598","2","2"
"06009000124","06","REPORTED_PFAS_LEVEL","598","2","2"
"06085503105","06","PFOA","140","2","2"
"06085503105","06","PFOS","110","2","2"
"06085503105","06","TOTAL_PFAS","660","2","2"
"06085503105","06","REPORTED_PFAS_LEVEL","660","2","2"
"06089011600","06","PFOA","280","2","2"
"06089011600","06","PFOS","180","2","2"
"06089011600","06","TOTAL_PFAS","764","2","2"
"06089011600","06","REPORTED_PFAS_LEVEL","764","2","2"
"06073013506","06","PFOA","110","2","2"
"06073013506","06","PFOS","58","2","2"
"06073013506","06","TOTAL_PFAS","818","2","2"
"06073013506","06","REPORTED_PFAS_LEVEL","818","2","2"
"06035040100","06","PFOA","420","2","2"
"06035040100","06","TOTAL_PFAS","986","2","2"
"06035040100","06","REPORTED_PFAS_LEVEL","986","2","2"
"06087120200","06","PFOA","110","2","2"
"06087120200","06","PFOS","110","2","2"
"06087120200","06","TOTAL_PFAS","1002","2","2"
"06087120200","06","REPORTED_PFAS_LEVEL","1002","2","2"
"06073013317","06","PFOA","66.5","4","4"
"06073013317","06","PFOS","5","4","4"
"06073013317","06","TOTAL_PFAS","1101","4","4"
"06073013317","06","REPORTED_PFAS_LEVEL","1101","4","4"
"06037800328","06","PFOA","33","2","2"
"06037800328","06","PFOS","2","2","2"
"06037800328","06","TOTAL_PFAS","1126","2","2"
"06037800328","06","REPORTED_PFAS_LEVEL","1126","2","2"
"06073009504","06","PFOA","170","2","2"
"06073009504","06","PFOS","53","2","2"
"06073009504","06","TOTAL_PFAS","1155","2","2"
"06073009504","06","REPORTED_PFAS_LEVEL","1155","2","2"
"06081605400","06","PFOA","480","2","2"
"06081605400","06","PFOS","92","2","2"
"06081605400","06","TOTAL_PFAS","1396","2","2"
"06081605400","06","REPORTED_PFAS_LEVEL","1396","2","2"
"06033000702","06","PFOA","240","2","2"
"06033000702","06","PFOS","18","2","2"
"06033000702","06","TOTAL_PFAS","1493","2","2"
"06033000702","06","REPORTED_PFAS_LEVEL","1493","2","2"
"06081600100","06","PFOA","130","2","2"
"06081600100","06","PFOS","330","2","2"
"06081600100","06","TOTAL_PFAS","1568","2","2"
"06081600100","06","REPORTED_PFAS_LEVEL","1568","2","2"
"06059063500","06","PFOA","170","2","2"
"06059063500","06","PFOS","1100","2","2"
"06059063500","06","TOTAL_PFAS","1663","2","2"
"06059063500","06","REPORTED_PFAS_LEVEL","1663","2","2"
"06073022101","06","PFOA","110","2","2"
"06073022101","06","PFOS","180","2","2"
"06073022101","06","TOTAL_PFAS","1807","2","2"
"06073022101","06","REPORTED_PFAS_LEVEL","1807","2","2"
"06097151100","06","PFOA","260","2","2"
"06097151100","06","PFOS","17","2","2"
"06097151100","06","TOTAL_PFAS","1831","2","2"
"06097151100","06","REPORTED_PFAS_LEVEL","1831","2","2"
"06095252702","06","PFOA","166","4","4"
"06095252702","06","PFOS","13","2","4"
"06095252702","06","TOTAL_PFAS","2011","4","4"
"06095252702","06","REPORTED_PFAS_LEVEL","2011","4","4"
"06081611700","06","PFOA","360","2","2"
"06081611700","06","PFOS","120","2","2"
"06081611700","06","TOTAL_PFAS","1907","2","2"
"06081611700","06","REPORTED_PFAS_LEVEL","1907","2","2"
"06115040800","06","PFOA","150","2","2"
"06115040800","06","PFOS","6","2","2"
"06115040800","06","TOTAL_PFAS","2011","2","2"
"06115040800","06","REPORTED_PFAS_LEVEL","2011","2","2"
"06043000101","06","PFOA","450","2","2"
"06043000101","06","TOTAL_PFAS","2023","2","2"
"06043000101","06","REPORTED_PFAS_LEVEL","2023","2","2"
"06073020029","06","PFOA","110","2","2"
"06073020029","06","PFOS","90","2","2"
"06073020029","06","TOTAL_PFAS","2028","2","2"
"06073020029","06","REPORTED_PFAS_LEVEL","2028","2","2"
"06029003304","06","PFOA","120","2","2"
"06029003304","06","PFOS","3","2","2"
"06029003304","06","TOTAL_PFAS","2077","2","2"
"06029003304","06","REPORTED_PFAS_LEVEL","2077","2","2"
"06037310100","06","PFOA","150","2","2"
"06037310100","06","TOTAL_PFAS","2158","2","2"
"06037310100","06","REPORTED_PFAS_LEVEL","2158","2","2"
"06083002932","06","PFOA","250","2","2"
"06083002932","06","TOTAL_PFAS","2222","2","2"
"06083002932","06","REPORTED_PFAS_LEVEL","2222","2","2"
"06085505010","06","PFOA","280","2","2"
"06085505010","06","TOTAL_PFAS","2298","2","2"
"06085505010","06","REPORTED_PFAS_LEVEL","2298","2","2"
"06037980015","06","PFOA","340","2","2"
"06037980015","06","PFOS","970","2","2"
"06037980015","06","REPORTED_PFAS_LEVEL","970","2","2"
"06013318000","06","PFOA","489","2","2"
"06013318000","06","PFOS","24700","2","2"
"06013318000","06","REPORTED_PFAS_LEVEL","24700","2","2"
"06111004600","06","PFOA","1071530","2","2"
"06111004600","06","PFOS","13407957","2","2"
"06111004600","06","REPORTED_PFAS_LEVEL","13407957","2","2"
"41051010200","41","PFOA","5000","1","1"
"41051010200","41","REPORTED_PFAS_LEVEL","5000","1","1"
"41051007300","41","PFOA","27450","2","3"
"41051007300","41","PFOS","114000","2","3"
"41051007300","41","TOTAL_PFAS","42277","1","3"
"41051007300","41","REPORTED_PFAS_LEVEL","95092.3333333333","3","3"
"41019130002","41","TOTAL_PFAS","1","1","1"
"41019130002","41","REPORTED_PFAS_LEVEL","1","1","1"
"41047000702","41","TOTAL_PFAS","1","1","1"
"41047000702","41","REPORTED_PFAS_LEVEL","1","1","1"
"41043030903","41","TOTAL_PFAS","2","1","1"
"41043030903","41","REPORTED_PFAS_LEVEL","2","1","1"
"41007951300","41","PFOA","1","1","1"
"41007951300","41","TOTAL_PFAS","4","1","1"
"41007951300","41","REPORTED_PFAS_LEVEL","4","1","1"
"41045970300","41","PFOA","1","1","1"
"41045970300","41","TOTAL_PFAS","4","1","1"
"41045970300","41","REPORTED_PFAS_LEVEL","4","1","1"
"41039002001","41","TOTAL_PFAS","6","1","1"
"41039002001","41","REPORTED_PFAS_LEVEL","6","1","1"
"41013950301","41","TOTAL_PFAS","4","1","1"
"41013950301","41","REPORTED_PFAS_LEVEL","4","1","1"
"41017000100","41","TOTAL_PFAS","10","1","1"
"41017000100","41","REPORTED_PFAS_LEVEL","10","1","1"
"41037960100","41","PFOA","1","1","1"
"41037960100","41","TOTAL_PFAS","14","1","1"
"41037960100","41","REPORTED_PFAS_LEVEL","14","1","1"
"41035970800","41","PFOA","21000","1","1"
"41035970800","41","PFOS","380000","1","1"
"41035970800","41","TOTAL_PFAS","484740","1","1"
"41035970800","41","REPORTED_PFAS_LEVEL","484740","1","1"
"41049970102","41","PFOA","6","1","1"
"41049970102","41","PFOS","4","1","1"
"41049970102","41","TOTAL_PFAS","3451","1","1"
"41049970102","41","REPORTED_PFAS_LEVEL","3451","1","1"
"41051010602","41","TOTAL_PFAS","1600","1","1"
"41051010602","41","REPORTED_PFAS_LEVEL","1600","1","1"
"53025010800","53","PFOA","336","2","2"
"53025010800","53","PFOS","348","2","2"
"53025010800","53","TOTAL_PFAS","1614","2","2"
"53025010800","53","REPORTED_PFAS_LEVEL","1614","2","2"
"53063013800","53","PFOA","22000","2","2"
"53063013800","53","PFOS","150000","2","2"
"53063013800","53","TOTAL_PFAS","176200","2","2"
"53063013800","53","REPORTED_PFAS_LEVEL","176200","2","2"
"53027000800","53","TOTAL_PFAS","1","2","2"
"53027000800","53","REPORTED_PFAS_LEVEL","1","2","2"
"53063013700","53","PFOA","350","2","2"
"53063013700","53","PFOS","120","2","2"
"53063013700","53","TOTAL_PFAS","470","2","2"
"53063013700","53","REPORTED_PFAS_LEVEL","470","2","2"
"53033032103","53","PFOA","610.333333333333","6","8"
"53033032103","53","PFOS","9895","6","8"
"53033032103","53","TOTAL_PFAS","5820.5","4","8"
"53033032103","53","REPORTED_PFAS_LEVEL","8344","8","8"
"53077001701","53","REPORTED_PFAS_LEVEL","1650","2","2"
"53021980100","53","PFOA","380","2","2"
"53021980100","53","PFOS","9500","2","2"
"53021980100","53","TOTAL_PFAS","18260","2","2"
"53021980100","53","REPORTED_PFAS_LEVEL","18260","2","2"
"53053072901","53","TOTAL_PFAS","103","2","2"
"53053072901","53","REPORTED_PFAS_LEVEL","103","2","2"
"53035092600","53","PFOA","45","2","2"
"53035092600","53","PFOS","128","2","2"
"53035092600","53","REPORTED_PFAS_LEVEL","139","2","2"
"53033010900","53","PFOA","350","2","2"
"53033010900","53","PFOS","15000","2","2"
"53033010900","53","TOTAL_PFAS","19670","2","2"
"53033010900","53","REPORTED_PFAS_LEVEL","19670","2","2"
"53061041901","53","PFOA","0","2","2"
"53061041901","53","PFOS","2","2","2"
"53061041901","53","TOTAL_PFAS","2","2","2"
"53061041901","53","REPORTED_PFAS_LEVEL","2","2","2"
"53029972100","53","PFOA","3","2","2"
"53029972100","53","PFOS","3","2","2"
"53029972100","53","TOTAL_PFAS","15","2","2"
"53029972100","53","REPORTED_PFAS_LEVEL","15","2","2"
"53035091400","53","PFOA","171","2","2"
"53035091400","53","REPORTED_PFAS_LEVEL","171","2","2"
"53029971700","53","PFOA","0","2","2"
"53029971700","53","PFOS","0","2","2"
"53029971700","53","TOTAL_PFAS","204","2","2"
"53029971700","53","REPORTED_PFAS_LEVEL","204","2","2"
"53029971100","53","PFOA","3","2","2"
"53029971100","53","PFOS","80","2","2"
"53029971100","53","TOTAL_PFAS","251","2","2"
"53029971100","53","REPORTED_PFAS_LEVEL","251","2","2"
"53035090300","53","REPORTED_PFAS_LEVEL","70","2","2"
"53029970200","53","PFOA","58500","2","2"
"53029970200","53","PFOS","43100","2","2"
"53029970200","53","REPORTED_PFAS_LEVEL","58922","2","2"
"53033032706","53","PFOA","56","1","1"
"53033032706","53","PFOS","520","1","1"
"53033032706","53","TOTAL_PFAS","1108","1","1"
"53033032706","53","REPORTED_PFAS_LEVEL","1108","1","1"
